-- MySQL dump 10.13  Distrib 8.0.27, for Win64 (x86_64)
--
-- Host: 127.0.0.1    Database: mall
-- ------------------------------------------------------
-- Server version	8.0.27

/*!40101 SET @OLD_CHARACTER_SET_CLIENT=@@CHARACTER_SET_CLIENT */;
/*!40101 SET @OLD_CHARACTER_SET_RESULTS=@@CHARACTER_SET_RESULTS */;
/*!40101 SET @OLD_COLLATION_CONNECTION=@@COLLATION_CONNECTION */;
/*!50503 SET NAMES utf8 */;
/*!40103 SET @OLD_TIME_ZONE=@@TIME_ZONE */;
/*!40103 SET TIME_ZONE='+00:00' */;
/*!40014 SET @OLD_UNIQUE_CHECKS=@@UNIQUE_CHECKS, UNIQUE_CHECKS=0 */;
/*!40014 SET @OLD_FOREIGN_KEY_CHECKS=@@FOREIGN_KEY_CHECKS, FOREIGN_KEY_CHECKS=0 */;
/*!40101 SET @OLD_SQL_MODE=@@SQL_MODE, SQL_MODE='NO_AUTO_VALUE_ON_ZERO' */;
/*!40111 SET @OLD_SQL_NOTES=@@SQL_NOTES, SQL_NOTES=0 */;

--
-- Table structure for table `board`
--

DROP TABLE IF EXISTS `board`;
/*!40101 SET @saved_cs_client     = @@character_set_client */;
/*!50503 SET character_set_client = utf8mb4 */;
CREATE TABLE `board` (
  `bd_num` int NOT NULL AUTO_INCREMENT,
  `bd_title` varchar(100) DEFAULT NULL,
  `bd_contents` longtext,
  `bd_reg_date` datetime DEFAULT NULL,
  `bd_up_date` datetime DEFAULT NULL,
  `bd_type` varchar(10) DEFAULT NULL,
  `bd_ori_num` int NOT NULL,
  `bd_del` varchar(2) DEFAULT NULL,
  `bd_del_date` datetime DEFAULT NULL,
  `bd_views` int NOT NULL DEFAULT '0',
  `bd_up` int NOT NULL DEFAULT '0',
  `bd_down` int NOT NULL DEFAULT '0',
  `bd_me_id` varchar(20) NOT NULL,
  `bd_star` int DEFAULT NULL,
  `bd_pr_code` varchar(10) DEFAULT NULL,
  PRIMARY KEY (`bd_num`),
  KEY `bd_me_id_idx` (`bd_me_id`),
  KEY `bd_pr_code_idx` (`bd_pr_code`),
  CONSTRAINT `bd_me_id` FOREIGN KEY (`bd_me_id`) REFERENCES `member` (`me_id`) ON UPDATE CASCADE,
  CONSTRAINT `bd_pr_code` FOREIGN KEY (`bd_pr_code`) REFERENCES `product` (`pr_code`) ON DELETE CASCADE ON UPDATE CASCADE
) ENGINE=InnoDB AUTO_INCREMENT=13 DEFAULT CHARSET=utf8mb4 COLLATE=utf8mb4_0900_ai_ci;
/*!40101 SET character_set_client = @saved_cs_client */;

--
-- Dumping data for table `board`
--

LOCK TABLES `board` WRITE;
/*!40000 ALTER TABLE `board` DISABLE KEYS */;
INSERT INTO `board` VALUES (1,'ah','<p>vh</p>','2022-03-14 11:05:23','2022-03-14 14:42:12','일반',1,'Y','2022-03-14 15:47:58',10,0,0,'as',NULL,NULL),(2,'g','<p>g</p>','2022-03-14 12:23:33',NULL,'공지',2,'N',NULL,2,0,0,'as',NULL,NULL),(3,'f','<p>asd</p>','2022-03-14 13:58:51',NULL,'일반',3,'Y','2022-03-14 15:47:57',2,0,0,'as',NULL,NULL),(4,'ㅇㅁㄴㄹ','<p><img src=\"data:image/jpeg;base64,/9j/4AAQSkZJRgABAQAASABIAAD/4gxYSUNDX1BST0ZJTEUAAQEAAAxITGlubwIQAABtbnRyUkdCIFhZWiAHzgACAAkABgAxAABhY3NwTVNGVAAAAABJRUMgc1JHQgAAAAAAAAAAAAAAAAAA9tYAAQAAAADTLUhQICAAAAAAAAAAAAAAAAAAAAAAAAAAAAAAAAAAAAAAAAAAAAAAAAAAAAAAAAAAAAAAABFjcHJ0AAABUAAAADNkZXNjAAABhAAAAGx3dHB0AAAB8AAAABRia3B0AAACBAAAABRyWFlaAAACGAAAABRnWFlaAAACLAAAABRiWFlaAAACQAAAABRkbW5kAAACVAAAAHBkbWRkAAACxAAAAIh2dWVkAAADTAAAAIZ2aWV3AAAD1AAAACRsdW1pAAAD+AAAABRtZWFzAAAEDAAAACR0ZWNoAAAEMAAAAAxyVFJDAAAEPAAACAxnVFJDAAAEPAAACAxiVFJDAAAEPAAACAx0ZXh0AAAAAENvcHlyaWdodCAoYykgMTk5OCBIZXdsZXR0LVBhY2thcmQgQ29tcGFueQAAZGVzYwAAAAAAAAASc1JHQiBJRUM2MTk2Ni0yLjEAAAAAAAAAAAAAABJzUkdCIElFQzYxOTY2LTIuMQAAAAAAAAAAAAAAAAAAAAAAAAAAAAAAAAAAAAAAAAAAAAAAAAAAAAAAAAAAAAAAAAAAWFlaIAAAAAAAAPNRAAEAAAABFsxYWVogAAAAAAAAAAAAAAAAAAAAAFhZWiAAAAAAAABvogAAOPUAAAOQWFlaIAAAAAAAAGKZAAC3hQAAGNpYWVogAAAAAAAAJKAAAA+EAAC2z2Rlc2MAAAAAAAAAFklFQyBodHRwOi8vd3d3LmllYy5jaAAAAAAAAAAAAAAAFklFQyBodHRwOi8vd3d3LmllYy5jaAAAAAAAAAAAAAAAAAAAAAAAAAAAAAAAAAAAAAAAAAAAAAAAAAAAAAAAAAAAAABkZXNjAAAAAAAAAC5JRUMgNjE5NjYtMi4xIERlZmF1bHQgUkdCIGNvbG91ciBzcGFjZSAtIHNSR0IAAAAAAAAAAAAAAC5JRUMgNjE5NjYtMi4xIERlZmF1bHQgUkdCIGNvbG91ciBzcGFjZSAtIHNSR0IAAAAAAAAAAAAAAAAAAAAAAAAAAAAAZGVzYwAAAAAAAAAsUmVmZXJlbmNlIFZpZXdpbmcgQ29uZGl0aW9uIGluIElFQzYxOTY2LTIuMQAAAAAAAAAAAAAALFJlZmVyZW5jZSBWaWV3aW5nIENvbmRpdGlvbiBpbiBJRUM2MTk2Ni0yLjEAAAAAAAAAAAAAAAAAAAAAAAAAAAAAAAAAAHZpZXcAAAAAABOk/gAUXy4AEM8UAAPtzAAEEwsAA1yeAAAAAVhZWiAAAAAAAEwJVgBQAAAAVx/nbWVhcwAAAAAAAAABAAAAAAAAAAAAAAAAAAAAAAAAAo8AAAACc2lnIAAAAABDUlQgY3VydgAAAAAAAAQAAAAABQAKAA8AFAAZAB4AIwAoAC0AMgA3ADsAQABFAEoATwBUAFkAXgBjAGgAbQByAHcAfACBAIYAiwCQAJUAmgCfAKQAqQCuALIAtwC8AMEAxgDLANAA1QDbAOAA5QDrAPAA9gD7AQEBBwENARMBGQEfASUBKwEyATgBPgFFAUwBUgFZAWABZwFuAXUBfAGDAYsBkgGaAaEBqQGxAbkBwQHJAdEB2QHhAekB8gH6AgMCDAIUAh0CJgIvAjgCQQJLAlQCXQJnAnECegKEAo4CmAKiAqwCtgLBAssC1QLgAusC9QMAAwsDFgMhAy0DOANDA08DWgNmA3IDfgOKA5YDogOuA7oDxwPTA+AD7AP5BAYEEwQgBC0EOwRIBFUEYwRxBH4EjASaBKgEtgTEBNME4QTwBP4FDQUcBSsFOgVJBVgFZwV3BYYFlgWmBbUFxQXVBeUF9gYGBhYGJwY3BkgGWQZqBnsGjAadBq8GwAbRBuMG9QcHBxkHKwc9B08HYQd0B4YHmQesB78H0gflB/gICwgfCDIIRghaCG4IggiWCKoIvgjSCOcI+wkQCSUJOglPCWQJeQmPCaQJugnPCeUJ+woRCicKPQpUCmoKgQqYCq4KxQrcCvMLCwsiCzkLUQtpC4ALmAuwC8gL4Qv5DBIMKgxDDFwMdQyODKcMwAzZDPMNDQ0mDUANWg10DY4NqQ3DDd4N+A4TDi4OSQ5kDn8Omw62DtIO7g8JDyUPQQ9eD3oPlg+zD88P7BAJECYQQxBhEH4QmxC5ENcQ9RETETERTxFtEYwRqhHJEegSBxImEkUSZBKEEqMSwxLjEwMTIxNDE2MTgxOkE8UT5RQGFCcUSRRqFIsUrRTOFPAVEhU0FVYVeBWbFb0V4BYDFiYWSRZsFo8WshbWFvoXHRdBF2UXiReuF9IX9xgbGEAYZRiKGK8Y1Rj6GSAZRRlrGZEZtxndGgQaKhpRGncanhrFGuwbFBs7G2MbihuyG9ocAhwqHFIcexyjHMwc9R0eHUcdcB2ZHcMd7B4WHkAeah6UHr4e6R8THz4faR+UH78f6iAVIEEgbCCYIMQg8CEcIUghdSGhIc4h+yInIlUigiKvIt0jCiM4I2YjlCPCI/AkHyRNJHwkqyTaJQklOCVoJZclxyX3JicmVyaHJrcm6CcYJ0kneierJ9woDSg/KHEooijUKQYpOClrKZ0p0CoCKjUqaCqbKs8rAis2K2krnSvRLAUsOSxuLKIs1y0MLUEtdi2rLeEuFi5MLoIuty7uLyQvWi+RL8cv/jA1MGwwpDDbMRIxSjGCMbox8jIqMmMymzLUMw0zRjN/M7gz8TQrNGU0njTYNRM1TTWHNcI1/TY3NnI2rjbpNyQ3YDecN9c4FDhQOIw4yDkFOUI5fzm8Ofk6Njp0OrI67zstO2s7qjvoPCc8ZTykPOM9Ij1hPaE94D4gPmA+oD7gPyE/YT+iP+JAI0BkQKZA50EpQWpBrEHuQjBCckK1QvdDOkN9Q8BEA0RHRIpEzkUSRVVFmkXeRiJGZ0arRvBHNUd7R8BIBUhLSJFI10kdSWNJqUnwSjdKfUrESwxLU0uaS+JMKkxyTLpNAk1KTZNN3E4lTm5Ot08AT0lPk0/dUCdQcVC7UQZRUFGbUeZSMVJ8UsdTE1NfU6pT9lRCVI9U21UoVXVVwlYPVlxWqVb3V0RXklfgWC9YfVjLWRpZaVm4WgdaVlqmWvVbRVuVW+VcNVyGXNZdJ114XcleGl5sXr1fD19hX7NgBWBXYKpg/GFPYaJh9WJJYpxi8GNDY5dj62RAZJRk6WU9ZZJl52Y9ZpJm6Gc9Z5Nn6Wg/aJZo7GlDaZpp8WpIap9q92tPa6dr/2xXbK9tCG1gbbluEm5rbsRvHm94b9FwK3CGcOBxOnGVcfByS3KmcwFzXXO4dBR0cHTMdSh1hXXhdj52m3b4d1Z3s3gReG54zHkqeYl553pGeqV7BHtje8J8IXyBfOF9QX2hfgF+Yn7CfyN/hH/lgEeAqIEKgWuBzYIwgpKC9INXg7qEHYSAhOOFR4Wrhg6GcobXhzuHn4gEiGmIzokziZmJ/opkisqLMIuWi/yMY4zKjTGNmI3/jmaOzo82j56QBpBukNaRP5GokhGSepLjk02TtpQglIqU9JVflcmWNJaflwqXdZfgmEyYuJkkmZCZ/JpomtWbQpuvnByciZz3nWSd0p5Anq6fHZ+Ln/qgaaDYoUehtqImopajBqN2o+akVqTHpTilqaYapoum/adup+CoUqjEqTepqaocqo+rAqt1q+msXKzQrUStuK4trqGvFq+LsACwdbDqsWCx1rJLssKzOLOutCW0nLUTtYq2AbZ5tvC3aLfguFm40blKucK6O7q1uy67p7whvJu9Fb2Pvgq+hL7/v3q/9cBwwOzBZ8Hjwl/C28NYw9TEUcTOxUvFyMZGxsPHQce/yD3IvMk6ybnKOMq3yzbLtsw1zLXNNc21zjbOts83z7jQOdC60TzRvtI/0sHTRNPG1EnUy9VO1dHWVdbY11zX4Nhk2OjZbNnx2nba+9uA3AXcit0Q3ZbeHN6i3ynfr+A24L3hROHM4lPi2+Nj4+vkc+T85YTmDeaW5x/nqegy6LzpRunQ6lvq5etw6/vshu0R7ZzuKO6070DvzPBY8OXxcvH/8ozzGfOn9DT0wvVQ9d72bfb794r4Gfio+Tj5x/pX+uf7d/wH/Jj9Kf26/kv+3P9t////2wBDAAUDBAQEAwUEBAQFBQUGBwwIBwcHBw8LCwkMEQ8SEhEPERETFhwXExQaFRERGCEYGh0dHx8fExciJCIeJBweHx7/2wBDAQUFBQcGBw4ICA4eFBEUHh4eHh4eHh4eHh4eHh4eHh4eHh4eHh4eHh4eHh4eHh4eHh4eHh4eHh4eHh4eHh4eHh7/wAARCAGeAjADASIAAhEBAxEB/8QAHwAAAQUBAQEBAQEAAAAAAAAAAAECAwQFBgcICQoL/8QAtRAAAgEDAwIEAwUFBAQAAAF9AQIDAAQRBRIhMUEGE1FhByJxFDKBkaEII0KxwRVS0fAkM2JyggkKFhcYGRolJicoKSo0NTY3ODk6Q0RFRkdISUpTVFVWV1hZWmNkZWZnaGlqc3R1dnd4eXqDhIWGh4iJipKTlJWWl5iZmqKjpKWmp6ipqrKztLW2t7i5usLDxMXGx8jJytLT1NXW19jZ2uHi4+Tl5ufo6erx8vP09fb3+Pn6/8QAHwEAAwEBAQEBAQEBAQAAAAAAAAECAwQFBgcICQoL/8QAtREAAgECBAQDBAcFBAQAAQJ3AAECAxEEBSExBhJBUQdhcRMiMoEIFEKRobHBCSMzUvAVYnLRChYkNOEl8RcYGRomJygpKjU2Nzg5OkNERUZHSElKU1RVVldYWVpjZGVmZ2hpanN0dXZ3eHl6goOEhYaHiImKkpOUlZaXmJmaoqOkpaanqKmqsrO0tba3uLm6wsPExcbHyMnK0tPU1dbX2Nna4uPk5ebn6Onq8vP09fb3+Pn6/9oADAMBAAIRAxEAPwDrJftG0tGikKQXyccd8e9QSb2jDSJ5YPHX2q8864WPBweQAKz9Su1kPoE9uPrSZoidpVitRKWAwoJz2ryT4keOhqU39h+Hpt0THbd3angjuin09T+Aqr8SfFmoalfyeFtOEkdvEP8ASrjOPNJAOwegAYZ71z2mWkyWhitVCbW2t/EF/wBk+g/xrOUuhpGIul6LFcLHHCR8wLEAcY/yRWlHDYWMiRyKqH3657AE8VftYjG63U+xYDGCjdTwfT04xitSGGC9G4hJoGXBjMfys3bGenOaxua8vYY+hXNvp9rqEtsyWN3uMLyLzKF649P/AK1RwGSOeWOGHYcA8J8u32/SpRo62FsyxNctGrk+UjFgueMY6AZ/GrsWnuYlmhl/cdEUnDZHXOfpSeo1puVbTyt+L1OC+0rGMlTnqR6/4VFJBIMGJhtH7x4x94DPpV5IHgysyswY8Ecn3HFU2a6s53uhpt0UdjEpCruf079Pek/Ia1K6yzSWzstjEJyxGWJPAGQ2ew9qhiW4haWWa5jeBV5dBtVPU56g9ulbWn3BkkkkOnPAiKFVZCp8wsOm0HoP681O8V2kzzJYQiBiMxy/eU9OccGi1xXtoQ6ZdqybxGNrKCCOFAPqPpiorG6cRbXtpkSPIPmnc2c/ex6Z5xV+9t1Nv5kqKIcfKIxggZ+9x3q7BbwQwZCqBnfGdpVsHkZ9KoWxUsogSzFssQWw2VYqenHT6VesI54ZEM7PDGGI28AjHOcHr9KvBFWXcY2cFdxYnIPuQe/Tilew3wm4kkQvG5AbAIJI55z/AJNJIB7O8kMkluVbKHJL/eAOcHHAAwKfohF68ttJc5utnmlBn5Rg5+uc9aqXUlpp1k967GCGJS0pVNx9BwOv16UtpqaBLe5tvNlhuVAM7Oi/eHC4PJP+FPzFc0FjYQOscIhJ5ZVAGfQ59+KRY2EOWDRuhJLBPmbqDn6ZqxBJKUjuPLV5gSpP8W0dM/qfamx7pEJwUTbk87hzxQAJIV0+KMRZPmE+YnV/9k+nrUF5ujLTK2ycchQBtIPJB96LO4f7Q1oQY1Ay7hc8Z9zj29qvEwPIALYjnHmK25sDvjrVCKWnoXuGAOxiQ5JXD9PWrV8bhJhbwTK3yhiWkUDGfU1VlvA93Lp9qSNufMk248wA8gbunWpdLMGxY7iKONpgVY43koOozjg459KW+g7W1HRLeRXhlnksVtscoXfco4wTnjBrF1jxI99PcW1luuY4nG4R4AZh0Gey4yTVy+eGaT7AhV7O1ZBKAxbL/wB30OOeec1xnjXWrXQ4USEESSSM0oAUlTzjp1PTmqsTczNXuDf+J7K01PUAIZJVFxHk4jwM5HpXNa5d2ralqdyblisa7IvKlwOeACe9Y+n3WpXF5P8AZ5stPzL5jZyufeuR8dP9knh0yF5PlUSyg8AuemPwql2M5M6bVjaafpCRNeLNf3ZyVByQvYmspZGaZZWYEfdJ9a5G0MplVwx3DnJPNdRpkM16ywxrmaVgqNngHvQvdD4tj174YWEF74eumjaMTwTY2k4+Uj+Rrq2iFsRHFcRupjDStgfeP8INeU+EXurfVG09Z2t2mUxSFTzuWu202xhtIGh81n+bec8kn61o2kyUmy9IlwMq7BcE42ISwPoQeBWjoqiRvs005jj5+ZR19qx7GZk8WSxCSW4Fxb+bIJW+5J0yK3ohC0Xk/ZmknJPmsGzxjqB2rJPU3lF2LhtiJJ41ZQi4ZXQcMMetdb4XhvlWO8Do0asBtx146Vx+nyy297F5kXn2u8FkIzgY616x4fkhFtBLAFMQQsoI7mtKSvqYV3bQu/Y2uwVkQh1XIZOozyM0jWE/kCe8nRQrgvH2I98dauWcqpE06OpdmPBB6+gp0LwyiSS8KqzHag7GtrHKiC5djaFrYAsoGAOmPSmwLNPIrmAr/eU9SMc4qybeQSIll5Xl4+Uk8jHbmrFpGDtkuZv3p4wG5/CmFzE1KwgZJJ1RY5GOD8vGBXJrcynViYk2BP75+U/hXbaxO0VvsVDbhG43fMGArjRM1/cmAQPJO5LKduxRjrjPXipZcSxq9/qMckV1fiP+ztwRYVXJZv8A61S6e/2qCWFZpEByyMOw9M1fsHnmsk2QJLIWy6suQuOBn0qe4gxOt20gCFNpSNflJ7/hQBh/Z7uTTXR7hY/JkycyZOP61Y0zUXtVzftJHCTuicD73HqKuT6Rp0q+fvKjblljJQHPqKxdTlit4hG9uqQA/I6Pux9R2o2Dc6OyvLW6Rrm3laUNlARnl/p2NaPhrUDdoyo5mYSYZWbBTFcX4WuLm4Nw0MkcNrknZGMBff6muwsba22xpG6l8ZUA7c98n1oQM0pbyyhu4raSfZLJk7mb9M1HqGsW1vxMkknO1VQZLe2RWBrFpd3l8sc9qzrHIJN8L4ZvRQCODW1pDTrNMgjlWTBYM+CwHv70BoQWlxHCTPEs6LDkCJl3Mo9uua19IuYbq4aRFdGYZ8uQYP1x6/SqtnpyXU6ajkMwz8pXbu7du2aeu68KXcFsqXEZAI5OzBxz7UCNaeOFSbmSJN4H3tvOKZZXlqbTYibV3bQMd6Yj3xCR3FvukbJLI2VH1rN1CUyWxM8RtwjjarJjf+XamKxvW7KFkOB8pwFp0kmJFV1xkcCszT9QjnhlDTxu0I3Eow5I7Y7+lXhcpPGsqgASKCD3FAmh8jRwxmTbuZBnA6n6VXi1BHXzHQpGQDh+oqGy2mK8jeVmfzSAd3zKCOAKhutPM9gunrMZCEw258Mw9z60BYZfXNtezvbtvQYG4o+Cfbp0+hqncaDptzolxZQSzrHPz5jyl2UEjgH09BVvQ9JOnJ9mM0s5Q8eYckDFR6r/AGhc3VtFpdw1qwY+aWUbcAdMfWla5W2xjy6H4e8LWH9o2lvJPcZ2KzHcQSOh5wOhriPEWvO8om06xgtSX3iZRmQHv+B9K9GMniCOwns2lsJrolgvmQEI4PfI6f8A1q56w8DXS+W97PbwsjA5T5wy9+vQ1nKL2iawlFayOG07Wb/TdTj3WGZFzt3rjOec4HTPar/iv4rR6bpcltBAJNSkwyQE7lRcfebP3f51y3xd8YTWuu3dqHjivYXZGfIK2yDoMjqccgdq4XQNAvNf2ajqMc8OjyHeZJSyve4PJLf3fpTjFx1k9CvdlZJamz4U0XVfiFq5v9Y1G7h0YMVuNQwf3mOTBB2UerfzNe4aTrXhPSNMtdE8PW6W9kiiNIfLKqCTj5iepPr1NcHpXiiDT9FfTINMhkU4jABwiIOigdAfQ1mWKXV9qMUJie1JJnhJ+ZVUEjJJodRyE6SW51muW9tYXM099p98bV2OxguFGenOentTbDTLSWCSWUmQLGJGZWK+WpOBkY/WofFCX1paW6XNy3lPDz+9ypYdRjse+KNIuGW9tEjuna0jXynWSIFWB68Z4/D0qJON9RwjO3us6fSJ9HsI4HuZooHdSgJGSMfQV1fmWbCJ/MwrpvR/4W+lZT+DtOubnz5oVaIBXgG8qeR6f41durSC51W3tY2MjpCT5cgICAccHoa1i31MJJPY4SWSIiRkIXPRiegrH1QRyWwjiAA3DzD13L7VcuYVfEangcAD+I1navdWGkaXJf384RR8qLjkuTwAO54PH+FSzoR5J4n0WOy8StJbwTASAMxLFgxbqQSeMVfhtBaRRAkosoPzBj82BwPcnirl2y6hepKGDx4Oz93jaTyR744qFvMmWNHLIoJjTccY6Z+ncVzSep0pWLzQkQBCsTJtA2q33fQc9+DT7bc+CSIo1G4A8554OPeq2liSONoYJ/KS3QmKSVgxfI7jg8/jUqBktWLSojkYkKnJXI9D17ce1TYZp6SD5HzP9nlC5k8p9xzzz6ZPp2FWdkqlri3kgvJEh2CNlJTg/eBHIJ9KwobyKW6htcnfIobcxHOOw7Egc/0rQtUngl82NmRj+7BAHHP6ZH+eaVguayW4VQrsVlRsypjAIIHC9zjnmmGyKzB55WkcEhjuKkfLwMnjpQiSmFfJm81yTg45GffPHXj2qzcX91PFcq0dvCTJhI0ixt7cdycc8+tFg1K8FpFPtExmURp8uCBvAP8Aj3p9tvhUxISAG4EnzE5HH0qvY288cg/eSLMRukdzlivbr/nmrvlRpbjdMzz5A3eVt3EDHU/ljvQgYyS38yDOzOTmNlBXd6nn6n8qco8uVIom+YEFSOwB7Z/Coks91r9qt5JQXJ+UyH5h3G3scjNaSOEOJcP5cSjO/lueT+Z6UxXKdwszTIyNuTnemQwfPOM9j7VNBbI8TOZtu0BhGe6nHGO2PWn20kYUmO0SKJSSNi7iQCPlHPUk/wA6ddw3oGDb7BnDIGzhe+D7UxNWK8saNHNFIcQ+XiNg/UZ7+wqSy+xahJFb5ZpbdAVJAOXU4Bye/Jp06qYzHMACT5bhhgY6cEcdP5mrggggtWUoiMVAizxjb3GfXjmjXoUrPct2umXzXbW+IROjEKhbBJ5yOPYHv2quzW14qzLn7u1kVQBx3+tQzxsJ42Y7pG4JwG7fyqNpJLeFWWV/LUjfluN397Ht/jT0I1EkihFtkoA7EAHdlgDnPHXj2pHn/wBJilECoAAVYHy/uj8zn19adFa+cJJpbYTSuTmSIE8HngjoKSy0ppMRahIdinc8JHysnOMDtxTDqU2n0wXLao63zxqFMi7toGTt+UEnIx1AyTVDWdanv4pJBKdP0OD/AFk8qYMq9OB1B6j/APXWPdSPeS3sk9wG0Wzn3wIyclgNo289ucD3rM8dG/8AEGoR6DpuDtj82Y52xxnhTuI/hHp3ph10G3vxAWyS9l06FikhECCRgTIM9QMfL656159qEmo+JLi8u089/IUkIi7gnoo/X8qt6t4bexe1tHu451JYNOmVVsckYPQ9K6vwE9roNtqV/FEq2kNtIszjJD5HGPfrinGSdjOaaTOY0mCHT9Jjup45Z8S75JNuDt9CfTp7V59rtydc1K5v2yJnl2Rx9RsHA59q73xlqUF94aklsmkW3MEYWNjghien5da86sfMikD4BCHJXP5intsStX7xp2Gi2/7tJGcydWKH9K9X8HeEYJLmKSNf36R5x0Cf4muR8N263e25wLeFcN1yT7V1+ieILeUzQW0xSXGwqRhzggEL9ayipPWR2VHBK1MxPE1vLofisuhGVYTKQc57N/n3rvdMvoZYHZXRP3ShSy5MmewPQYrG+KkNjexQajp9sYVg2rIOc4YYOc++Ki8F3CT6fCjn95bPsK/3vQn0rol8Nzkhq7GjpbtH4pZY0fdJbgneP7p7V2dtDGrG5SbYzMBnPPOOK5PWFlsb+01f5Sq5WUeinj+eK6LTZZr/AAliYiHAJKHofesVrK3U6J6R5raHTWNs41Fri8AY5y5bkn0wK2LPVHVZbSO3kiUHdvU4A/2ai+1QfZxA80LXSR8u2FU4FRI9zJZyS2wUoRvbPT6kV0pcuxwOTlqzp9Ilka3Vp5mYqpbDDPtx2q48jy2imPa3PG719v1rnIdQuILVLVpmJZQm4YwvfA9qu2V+LedjcufKH3SBn8h2qrk2LJ1Wazs5llk3SNkRnGCmfpU9ul3fRxA3kUchIDygnePbnpWfG8FzfrLCyxgkbgj5LMex/CtrUGtrSxFtJCqbhgMDz+NG43oWdRYWWmmCVmkdcFCp6nPb1rnXZtYvvPcBHRdrEHrj+VPvtbjE4jVd0QiO5kbds9OaydQuo4dP22COgkJy4GB9fek2CRek1iyiEywQu0hYBueGwenFOudVtpl3WRkimReFI3KG7j6CuZ3GOESxw9GxhmyT/tDHaqtlLeQah5ksLhX/AHjAf3am5fLfY63UDIsS2d1M04chsoxU/mfSsm/geyt3O3zo+GB5wR6U+7urCNC088tzK7AjHHlj6VU8Q3atbBbSVkCHO7aSpXHeqISFj1JrHb9mgjCSfeOM4H1rtrFopoFAuB5sbKyH7uTj7oNef2LKrqZmW4EaBw2z5eR0FdHZxbGt53kjXzG8wLzlfU4oTKaR2OnNdzyTG4AUIwEbq+7Jxz+VVkmuYbyO3t4jOxdmd3yg245571mWFtdWokMs+9nkyihiOCfvc+1a2pXdulvNfwRsrwIUVmH3jjoB6U7kNamq168U8aT4jgxyy5OMjjI9Kh1rWNOtlkeG5QyoolK8jI/CuWtbi51uykF5G/AyI/OwrBug3DnAxWraaNpGnWyyy2tu0r7Ywu/cMfj1oTuDVtzpdH1aPU7NJ7ZSWddyK/HFT3SXFwiKXWKUMCSuGGB/DzXKxpFATcWRWFjnIVsbl9ceoqe21Ic7SZpC2HYOCCPXIp3FY1RcQmV98Fuvlgh843KB04HNS7Y5GUxrHEzgkbWOCD14qpajT0uWlUx/aWXa0rDkj0J71cllifT5XMRcKpH7ldzj6AUCMiHWpZ5zY21ruaNz5jKy5QD+IDuP1pNRv/OtPIWZ7eV2xHPkLls/d5qh4Xt9FTVpLqw/tDz4x8yzrhQxPoec10moRWV2GS8TzUUh/wB9HwD2IpK7RT0ZQsdThknl0ue7Mt+nzIJRz0z1HUVZs9Sheb7NcYtrxF/eRZ4YZ6qSOapeVBvdI8Q3CnCzwP8AMFPQ/wD1jXJ+J7K7geAwa1eea0xaZ5iAEH944HA9aNUCSbO41h3isRLBISfMDLIADkDk5+uMV5P8Y/jDb21m+m+F7rErDbcXqjcEY/8ALOL+8+TjPQfWvP8A4qfEG+1ieLQdKlkmhU+SBaph7yXo20L2z3q/8KfCE+jeIINZ8UwxPerHmyhZd0Nsx6HPTd79qtabi5UY3hP4batf6nZ6j4sSSzs5j5627HdL1+9KDzuPXB/GvUfijBJpXhWw0jTZf9Bk3bYxD98j5gMjoDzV2fxE02rO11a7UIIZWkUsjjqOT0NX77SYPEkFvdatqUlraxDeIoIM7SfU8nOKiWtyot3VzyTRdJ1C80+4MPkiKGIszYJYnrj1Jq7CdSAtr5o7u3lkRYrbcmfNAPUcY/DrWzfy3OheIrgaJdp9jciZBnejYHbPeul0bwZcDS1ne88yeeX7TLYuwdHXO5QMdG78euKxS6I3curG+Nrm1vEg03TzDNKyH7VhV6gDGPfg1Fo9pp0waPypTHbuFzFCcknAxv8AY8nitS3soVY3MWpwQvMoeCSVOIDk/IFH5c81s6LZaudChsbd47YzoZ7lnOXO48hMDAq+W71Muay0OUvJ7yPWJLZJ5LySOYIjq5Ksey5zxmtT7Trl3eJp+saY8qgrdM0bYEajghxn9RWxq1lZaHc2MEQkjsmOJQEJkkfscr1x1z71p3OjXb299DautrDcxgpOQZXbgZD57fSiMWglUTWx4rrOrLpEKtJMUkZcnnnP90e9cTq1/e6zLHcXqrGVXdErru8ok4A4POQOTWNqd3falqQuNSkdo/vIit8iL6A45zj9am0qe084xSWkybcFizDc7dgM8bRke9YSnc6oxsPjMqmZIJJN+cvu6Fif5ev4VPblTM0ccUckxPLP/QZx6fSmuWaIOybgrb92TgcYy3YHnpQJZY4YAMFiG8olCd/b+hqCyM3EiyKsamSR1+QbeVXPUnsMnvUum3EJnkhuWjnvJGI2xMPlUDO5uOR16U0wjzcJKhIJ37ZRt3AAE5PX2FSwQlZocQW8Qmc5wDvCnkYPccdPenZBcjvNFt7i5muLO4jh2uXiy3yjp0AxjvXSWlssD24vL6Cae4bavl5YPnsPTjuawpfNeeeKPElqh+ddmFRsAn3796uLiNo4vM+bPmI+4DOD9c8/pii7EkjqEitjFK1rCXkkBKyOnKYOMfTg/pUcEd1bq7+bLcSxsAZpVG/aSeMAemf8a55by8VmR5dy5Qx7jl+Gzjp+g5rQlnvFtRMm5JWJMU0jt8+DtxtB+vHpipsO6RrLDeQ/aZ7a1TfGvXeSck9OTgj6VJpUMsYd5diyNkiUDI6fe/P6dKx7cSm1W2vUWRXG5hJHhc9jz1PatpbnyWt44tluuwLsU7RuAAZcenHbpzRYbYXlvPa3YhW7gljPygkMXLeg9OB2oiJOftESiMZxuxtbHPY9cngd6sr5DhZLuVIwQ3IbJ9RgdeePzpbQvsTzGihaNfLxESVIOcMcj1wMdc/SiwEBtlWTygjAlQzhcjZnOD+nbir0eAyGeZiQ+18E9T09ugqrAGS5lw4CAAlnGNo9j6e1Ov7pbq1Elrdi2nZ8boMOqgHB74PHencTJWmMN4JHRV2BlUooLlcYJOeppJ3hZ44DGW3gONyZMZyMgjPsDnpQt1ZwiS7ePEgO5DjdhSMHJ5wOw9eemM1LbZvBNNpq7ETIG6RmjB/iGT+X19qAHxRq8wt3EapGMsHkKk+nbPI9OKpT2kVvMqQW9y0TgFSU2BQQep/iIODzinwahbqCpuWnuJAoAjjKlWwcrluCOB04FatxK01gES6NrbqdwhlPBbHT0568dc1SJZn6PD5EQFvNsMakMNzDcOfvYPOOeK5TV9Xmv559OnvXj0uOTM8vIDDp5e48gD09T7VY1rxvDJMR9mm07TrRyly8kY/ffNhVQA8cgnHXnmvKfHnieSXT2W1gdNP8wIoZiWLscs7A/wARx36VVibk3iTxIBqTx6XDssojmJAfk3AdSe/PPtXR+AQE02KS4IW51IiaQk5dxjC59M/+zHHavOdMtRqt1b2Fm2+W5mSFCR8q5zu59hk16NBcPBdwGNF2BxHEWbhFXgsx6ZxkADkA46k4xqK7UTWm7JyKN2Vh1e4028XzkmckA4xvHQA/p+NY+uTtPostjNdC0sQWnhjVR+9fb1buVAGBXR+NrhIdVtZooQJUIba/JC9uB93PPvgZ4zXB+L7yGzS53qpvZJmWI7s/Jxg46Yx/OrUbMh6o4K/1S8vpCssgWHI2xoMKMdOKjuD5UXysCxPSp5bVWiwq5bHaq0UEjN5b54I61qjGx6h8LJJNV0C5t5DlrBQ0Q2j5gTlvwFbX9iXTv/bmnRYuLZ/MTKff2nJ+vTFN+DelwzXpjKEgx7Y4ycKxJ6H1FevfZdP065MV5OiTq4JiWP5NvoKqnC+rFKo46GD4bk0XxTosk2qyyxWN2jRTCJQZFbHB9B81eY+F5jZ6+1nOdu5jA5PGHU8H8f61r2t+mmeMtV0aKB0tbuXzbWMdAT7dqp+PdAutLkg1hNgiuGCT7Wz5cv8AC34jj6irTXwsTi17yOtHO+1uf9JikyrL2I9K1PB8f9mC4WGODy1+YQx5ATn+L39qh8K6tp17pkF+ZRHPCv8ApEewErLjH5en1q7pbN89xDCjRseWJxlv60lDlFKbkbxnguCEeCFcZaQlThc+lT3F1/o8Vra7WDRnc20k47dKd4fV7i32BWAuCA0yLwRn7v096v22mGwumIkk8/DbmRQzhfbtjvVszWhA0dw1wHkt/MYIpAUnDHoAfT602e8Etv8Av0SORX4UZwR3U1clvUsXVJWNxDs+YsQd7c9COlZcghuIsrGp+cnaW6j0z3pMpamj4b+2JO95EBHFnC5TJ59P/r1v3DSyTA3O8JHzJGXGG7Bv/rVj/wBomLS1jjjMYiGURV5A7ZPpV7T4bprFZJLmVEJ8zaVAXB6+/bvS8hMVGtYrCS2ZFh3ltoQAHJPGT3rGuIZYIh+885kwDltwz05+ntWzNbWUcn2iN5ZZHHyZ6An2qUWUZtpJZYShUb0X7re596LDUrHIXTzySEyAssZ8tWwQhapbZdQimWG3likEwO8N19+oole6nZij7syFmEvHI9B2FOtL2SORvODGXbkBSAPwqDS6HSm2uPIiLpC6nD5OA3596vsbY6c7NdRxxqdoWRM5HqKzbVRdRNcyw7ZycE5zXRW1q8VpLBJbeXFIo2KUDbyO/rnmqREjKsWjEIW7hWRFYiJ42wQMZwR0xWvpaQ3YlWBvLdRuRGBOABnIJrJ1i3/s2whSWNP3iZjjcfKvPr1z+lReJJtRuvDivatArwKEgSPgMRwQW6rilew0r21Ow0e5W5uJlvPNhlK7htOMDOOTSeO7DzdNhmKviJ/l2Ddu3dc96q+D9Mj/ALCQXkkk92Bm42Sk5JOSB7V1yrZyRBVkjaNDgbjnkDBz9KtK6Idoy0PLIUuJ5GSK78hGAXcGwQPeuozHZrFYXYe9mkwVcjEZPbBPc9Kt2ejW0F+q2Ahkg3lpDMGZv+A4/kakv7aeS6VYyYZHBAZTkfXHbilGNgnK42G00me9kt4jLDOVOVhYj5e46Yqro9vd6fcy6dZLAsjSh8SAM7xH+IdsdvXNNe2uLPUoxcNFE28NNcNKdsgHYeh71qCW3vL0zKTFcRghJcYLZ9vQ07E3M641bVNVkntdKsQTGxSSQ8EY68Gun0q0ubawjc3klwIo90jOOW/+sKwTBBYa7JP50yROoaRg2AW7ciukS6zayRozlzwOcBRjJyaaWoSelkVbDN7N52/auclgchsen+NYt3HrEuoDyL2XT40nbzN53h/7pHHT1FbrxXjmFIvIjViu4YKvt+orlPH/AIu0zwlbE6tNcG5ZiYbWGYGSUdjg5wo9Tina4k7Fp9ZvrCzvrjWre1iitlL/AGlXVeB3PvXiPxE+IOr+Orm38PaFYXDKxytuhPmXHGN0hH3YwOx/+tWdqmu+KfibqYgt5Vg0+GTlsH7PbZ7/APTSTH+RXqfgHwXpfh6B20ITTS3GI5byZt0krDk59BnsOlUlyg2cponwuh0i0tdRe+nn1hlLXc0LhVgGP9XEvXrxnqamvb7UbiyjsLl5Z/JlLIWO1yB0B9a7WzbwsutSXouGtrtW8t1w+xj/AHvwOR+VU9S/s3+0rS8g01JrCLIlaOPYzk8dR6ds1lN32NYabo53RdPs764K3nnr5hDE48xlwfXrj2r0G5jt/DeltPBJJJlVRYZ2+9k8hRjGPSsNte07Tb8fZNBjjK5EbSPuPHQsPX+opl3e3mrSi6mlzNImxUdQIyBySuehOOlRdRKcXN3sbYhVNMdZdJmjtj8+wIDjd6DHb6U5dRheySyg+f5SvyKQuB1Ax0P0xzWN/a8mm36StG1wkcYLqkhJQd2z0FWtG1F7u+uEjsJQzHdk4y6kcttAwcDnNaJp7GTTW5FBBNZvbH7Nbwb5NnLSL5jEggsSSD/jXWaddeIri6jleyNuIsowScbHyeDjHOMHmuQ8R3PkTIIvOkt2iDND5W5Vf1JPbr0rS8M61eW8oSTUI5YmQ7bfaR5X+yD9KE9bDadrnXW1w0+oBnhBdFCFjycZyeasaxqv2byol35dto2/MTxnOO/4c1y2oeJ7axspJkYXDzSbT5LBiOOT7f8A66g8DXJkltZYb1zChZWSUMxBP5gD0+lO/Qnldrs+a7aFVUIyicod/wApzx2HP/1utWQ7By7CMh8KGxvbjryQMHB6e1QNDNFuG5HDMrFBlXJ44IHpnP5U6wt/NlLOztsLBV34DMP6gnH/AOoGuJHoEkKoXeBpysbdWKZBP93t+nFZdvdTi6jMjMrqwVlbj5e49q6K+sozbEeeDtcBAyFS/HLcfdx9c022tITGI5ZGkWZMIMch14ADHJIPP5+1O6FZjZzHG7MHBhLKFjK4WTd98DPUevtVj/S7lCWPl2yNjMSkKnO3AAGBwRjHTNLLHZTKY3WMQJINx3cpg8gNyfxH4U9LeG3ET213sZXZlVyWjIB4BPGQSBzjvyaAaJIbZLconlSiN1ySWGHOcdeTnPrjOataZbWsg3ThUtzuQeXjKMTgMV64z16E1XDqYFjjgL+YCxwgOccdvUEHn0FSwO0S/vWVFdB9GxkcY9wfy96AJyXt7hRHAhjKK0jAbV6cY7nJHWmvaySkLFMYurneBsw3JGfU4HH0qSGG7tLmU5ADjcGfnKhc7CNxHoSMY6DPWrsMolSNZOVZgWRRjb6fnwDnrjHpQBHYQO0aMs8gn8wA+W+QOeoHUDpwKu24jnuvPZCqbgpEwLA4/hJ6856/Ss6eb7EzxpcKsTL80u3a5+YEDHGSPQ1oW2q7rRIZ5mA3hSEXHy85YKOpIOD0wOR1oSBsW0KpMscCA7wyRtnZgDqMnkfQdfwrRiunj8+VIg4PbywcMOc89eOOMHpisxXjRmurM3A6kOUICoTjO7PT696w/Fur31rqMMem31oudpuGubZHCqc8qRhs5H3c89+xo23BXZ0t9N9rmkJA+dNsikHCjIxj8uh96YsFxEjuZNnlsFwpwNxz2/U/SuUi8SXMR81tT0+UkjHmRmPecYIBywGffp+tdPo+pw6jE9xcOFl37HRiN4OCc++cfeAI57GoU03oXyvdmlo0b/ay6QK8YVfmjf5mHuDx16Yp0s/2iIIYb6CBHZjHatseQYJzwPmx1GR2qrDKi3cT28zJIsmCHUZ6nGDjjj1PrUmoXdhp0kUc95t82UhcybRkAchl78gcVaIZp20y2U82oWr3EzNbBgt0oXzFHJyRjB6e45zXnOpeJNRtJ7m48W3M+1G+0Q2tqOFxwASRtHQHJz9PTqfFXiXS9EtZrie8InBVbaBmJCgDv1yxDHLd+K8K8aeIZ/EHmRrKILZm4hjG0ED7pPvjIrRIzbRJ8QPFF94huhdeUlrDHki3gOFBLZOADyfUmua08fbtZMTys1ugOByAeDyePWtNIYJYfLRxvEfzsoz9Bk+nFV7i0hsobe6Ry0zfK6qcY/x6H/61DuStTrvh1pbPdalqiqDFYW3kRuTwZpsjI/3Yw5/EV02lwyPqytYWc188I2llUKkTHrhjlRju3zE44wOTW05Ronwy0dPNKPq1xLdSY4Oz7gGe2Vjxntmui8Lw7ryV2ltIGnOTKyl1jjI4Cg4UfyxyetZwV5XZrN2jY5zWyGvJGnitY5N3KRyb39y2SST7mvKPiIsg8Y3IPCeVCUHYAxqePxzXs/iGxl1C7ZdBaXVIYjiS5BjO/v8AKVAGPpmvHfiRJ5uvQXyK/lNEtswdSG3xAKeO3UYq7WZMneInhHRJdYuJYI5UR0TcAec+1dL4b8IWjakz37b3DAeWw4qT4bwS200aW6iS4kJkcoASq44BrrLcy2Ekl2YN6A5ds9MnilccYp7jLeZNOnK2qSW0kWV/dt69cHtW9LdXV+kNzcXdxLMOJJXAfCjoB68Vi2CTX10CyqfOcqAyggluCfwr0FtP0u2WKK3jbMXyqd/tj862p3ZjVsmYMuh6ReadHcXFmftZkDxznOSB6Ht61bn8PyavpbWFwAbOQZlHdByc/XoRT9VvrJ0g0yCKZHicBXGDtUjp7jNWi17Z6bC9pIQJpMk7iCw7k+1OULyuTGdo26njiJe+F/Estjdg3CpjlOBcRdnHv/UEV694dubbXo7eC1RGgRfMLqnAA7HsD7VyvxL059Xt4JLRi01uD9ncEYA7pxyQa5jwV4muNGumtbrz44GfF1bg4ZGH8WO/07itd9jO3c9+sLk2ck1jY/KAN64GAWPXHtRf3csSSmNoInkUqwY4IJ6qO/Nc9p5F4FubK5R1XafNRsoyn6c59qhvTqEtxJNcBzEoKSbVGFH8yPepb0BLU1ozZGyxO3lyxtwnUN9R/WqUWFnVid0JBK7ecD/GoLwfYrSGWXczyDhVAK47H8qk0yIzIrNK0UJO3fjaACcdT9az1NElY39MurWTYcgxg4kZ2AyMcDvirVwb2ZRIt0BDnazDPIP8qqwW1ktv9vvp41ZH8pzGuTkDgY+nSpLKcrGk0cs0cMh/1SpktzxnPfPpTJGrGm9x9oR5fLHXPPPIPvVmTUG2rYxRrK6KN7DOM56D1oubS4dDMrAyk7i5P3Sw5yO9Gm2YMi3MiyTQocmVMDjGOF71SViW0yW+8mKE3DRRoAf3zIuA3HYnoax0WCOK5u0OFRto+TBI+ldBp8MWy6gml325PmFmJwq9Mc9/pRFbpcxNcxyCVFGYi3saTQ07FCyjEluHUBc89QMevNWoZ2tWLWjIERBgTN82W7460lobaZZop1MUjKSykg7uMfTOaz7y8ZMRSQhZQigSRrk4A7k+9DK3L14bW+0mYT29usokAlYOAVUnlhnP86iUJcP5dtb8SSCP5ztB4xkYptrLbRWCwMbeBEKmf7RHncSeASuepPXtVx44ljkSMQAvb7o/Lk3KDnnH09aCRlt5qxBrJGRlkwJN2WUL95Sen0rotFvLg2yRXECoCxPyp94dc/Ud65/R7Wf+xUEU0cc6ljNyCu7PDZrT0aeW4V2fMsm7YCuBtB96aEzpY2W4tQtvtQ56nkn3H4dqfZxvKx8/y3Xld0fGfcjsaxLrzLewYKl1F5rbnwcnngke9aGl3ciMVDkkDBDSDn/69UQ0Gv2RmiWDy2eED523dvb3qjDYXI0sRh3LIwWFpIxvx/tA8etbk868G1iYuTlk9KuWIeaFXuIHAY/dJzj04oBNpEZt4haFZEHKAkpwC3rj0qjcy2r29wbmQWttFkGZmChcDksegHvWB8SPiT4Z8M2c9o87XWoDB+ywuMx47u/RB+vtXzr4k8W+KviRqJitIzLbKSFRSVtox6EnmQ/X8hVWBHdfEP4wRxwyWvhyT96CySak5O09h5S5+YjHDdK4LTfCPiPxTLLe6hJcKJyC/nOWnkz0Mh6qMc4rqPhz8Orkzxand2wvpVb5nfgp6gKfu4617Hp3h+G38qCzuJAr/M7nr+PtRddB7HGeDdE8RaHoRa509FW2ZUhhhRQCF6E44OfzrppYbXWdJfVbS4k0+6jVnMcJBYlevuRXYWcE8eArC5RCNwdcHI7+9ZktrBpniRNRgtS8V6pjnhSNfl9CPTPcVFgT1PPb92vZmlmnjO0KFLkknAz07810XguxsrzUUjuGRCgEhRRjefQ9h610l74f0a4wkllGsi5B+YoAD0Ax0rOTwNZTOs1rcXlkdm0gybjgd/xqFBp3NnVTjbYd8S9G8O2MFrLbRJBetIFIyWDIQckrXEqStpIrJdALyCr4U+hAPrXYTeBJbi7M8WsSyoV2kz5JI+vcCqmpeGryBIY5bu3nZBj94xGfQc8Gicbu9gpzUVa5l2Hhdr+ze5M0irtLKoQkkDnn1+lENhfQ27RxzPJvKq8qZX7OCR29PfpV/wCz3OkvDckORCochJSQVH+zntWnDrFw0K3N5bzBZwPKhGAwHYHHPPNNLoQ77mXp2k6lbSXElreNcxONuySM5kwRxknjnI4rSn0uN/lntBHGTl0iG1iTwQG9RycHmtGx1C7j1OUNY3IQeijaOO/fmr15qmjlcNMrMoJkDKcqMd/r71SSsTJu5g6Tp1vDp3ktbJPHHIYo3Cjfsbtg4JOT3psGkX8msNPaXptFiICQvENu0cc4I564qS7Mba5DNp7AJPEqzeTkAgdPofX6VesNMa7unmmMkTxjGxQcg/w89P60WC73PmaG2RrhNke+RtxmDsvAOMH0yf60j71hTyg3ksS2522neACWHJ7EelRwWcksTm3kBVpDubeFUYP3j6AcfXrV2OaILLiEuwUoGmGceh4x2yeQfXjpXIkd9xFupY2gkmH2pbmP5hFglFLHIPHyvwOh4GPXFOEqLcoJ3EjLkfKhAB5x19ePzpxsUIWVVSHeGL5mOcj+6QD06ntzmq8ttB58bq5EhkIfLsGY855zyc9u/wClJoEyewFzDZb5rdHlO4gbgVGQRzj+LHOM/wAqspFcuxt3LSKoZQBjbwMcZ/hwAc5H+DYRcQRNeSmZkdsMscfmuzkkFio64BGOvBxxVyHaCxkkAbA3gjbknsBnH4DjmgGSWkAjk/0gIfOUEZcLgEcZHqetQTQxRKGlnWF0f5FcFsDByoB46+/HvVmAJPcRSz7wOjPHweMEtj+9g/nk08xwSloC0k0iHMZ25IXOMsevT16GgCrE0UoMYgmVG+Vdy5ATGRj168nua1IZ4/L8uCIgsqLvchZAM5B9M9ce2fWqETQgvAiiYmQYPJKc8jGecjGQOoFNtLSea5+zhwjsPvspxu4II7g/QUw2Nd105pljlJJDbkkXG5VyCD3GT+VZYSGZ3Qbgv3o9h5HOBk9yOp/DAqxNDEJkgSNyIyC2PvFeMYY8HowHGB71LZxzOElkt5CZXA34ABYjGASewXI9MHNCEySG15QLNvj3BPub3HBwSOODj9TXlXj3U5rjxXNapIjojFMgY3leOwHTFeoxLIyBAg3J+5bKpgKBwevHfnOOe1eLfEe1ntfEd1M0ZBV+R6Z7Y/P86TVyk2b9hplxJZrcAZidT8yTg5P0zz/Ko7TUpdJvPmuSQuVPlZR17H1x7npTfBeswTQjT7mJniwdojTOPqfWta+0a2WHz7WcpBCckzlUCj0DHOf0qHBl85DrPie5stNiureaSRJwRFKIyQSM9T0Bxzj8RmvPL/Vr66nWWW5nMiNlSzEn8PSu0t1uLFWa6ze2FzxMhjV4XX6qx5HUMpyKo+IfBtxeW/8Aafhq4Go2WC72wwLmDAz/ANtB7jnHUd62pzUdJGFSLesTmNT1bUdUmDahdzXBGMb244GM49cd6p71Py9DSGS1hLNLKsiDdgsGjJ44xx1ra8MaMddvVtYo5t8qMbSRQNpZVLbWJ4ORjHtXRdHO0zLSSSOeOUEmJh+9C8cf5wasWqrcQSmGFpIclQzKQYix5J9ehI9jzVyDUG0R4oprG01S0uGWTa64Xg4ZcnkdcfjV2x16wZ55LyyuItIY4heNi/kdFxID07cj9RwYnqXHTc6PW7prnwp4chiLiVY5FHyZyRMx6Y9Cfwq9pgmsLe3TUo5Vlm+aQuWjEaK3J3gkHg9AO2PWq8NjpNzc2c+lavKLSGYiBI4y/HyuUyDhQRubk/wkd67TSdSsU1CKe8vRDEkhLBPm3JsU9QOeNozzjn2FZRVjRu+xzHjbxBa6dBDNDqMRmdiI0E8gdsH/AK5gMB6FvauV8ZJZeIfDkOqeSq3cNwrTbFC+YDkNkDgEHac+/rXpms+HvC3ibW5dQ1LXY4WWNjbwQ/LHHx8oOeCAMED1yT6V5v4gsv7N1WbTHkf7KiBFaYBWkBI5CjoOMgH61T12EvM6X4b3uh23hO+1SSHF5buIGywXardD7962LG8uYrZbrUpIY7WVS0ZIAZ1PoPT3riLTwyb24zasFhQjziDyB6D1NdHH4WnuGihtrqaQoBEAZMqnGdpz0GKpX6EPlvqzT8OzWsdzsincNKfldlBES/3uO/pWnrl/Day29kIpXm2FiqZ3DPQH0J71D4c06DR0ja/SOZYpAEgV9uTkbSTiupnttB1a3kZEljvYzkELkE5557/WtYqyMZO7OQMM0xmvSptiHURgHJBA5H/1q3Yrm/uE3zTcMAdzKBgAYAA7etRTtdxkN5WyxXcApIDMRwDn/Peqv267e2EIi8+NPvjH3v8AHFIZLZabDcnb9rAAbfkHHmeoA9ap+L/AUXiGJrmzuEs9QtoB5DuMLIo/gc9+eh7Vr2MMdqYpi5UFS6+YmB+frWgsU9kbBtsUi3Eh8yVpP9WvbCnrTSsTe54no2u6r4a1OfSryHyZQ2JrWU/Kx/vKfX3FekaD4kiv1kazmkSYwhJInO5wAOSB6Ve8feF9E1vSS960YmVmFsUbDjnlix5564ry/VfDHiHw4xuYRPqFjFgpcRDbcRg5/hHJA55FDtLQpO2p6ZdXZa0QpITEwEa7lzjv+FbslleJoUQkkUQlQ4ViMgHkZ9D7V5LoPi8fZVWXE8YG0On671659xXe6Tqp1CMJYSGSIDOE+Zs7eTjnOMZ9qz5XHct2ex2OgT2K6a9s+wSSDMpI/h6A+pqvtVdrefKFifKKoCkgcjOaxYHdz5K+TIWT55O/HTB9OlbOgSuu9rmCORETCyEE5J/lk1SZLRbfVfISKSGGRTIx3MI8rvPrin2UvmXDmad5HUggKVG0Eeg4q9FcW9rpfzIGd2BESLwex/x/Cq1+sFsPNaFTvK/LjJAA746saLiJJ5o44oJY4S7yhl27uT/Q4PPWljurwqbfTbeMSRLsO4jHI654Htiucv57ibTApvhDCWZ4cjBznofb0re0S+8iwaW5VYXK/Jhh8zZBNFw5balLVjH/AGhieBmWFF8/YxVgTzhT0FS2FteyakrRNAu4kxGQZ2r6EHg1ppdR3mm7AUWaAB8iPcWyeh9jVq5QLA8kNjBK7Db5mzBA644P61Nr6lXtoYOr6ZdqHaWSPecFnBG38qkt9GkGo7Y51untowQsWCHzyQD3FXxcSTLAzwK8ysG+ZPlI54FWNLtb6W5M8s0Vrcqd5jjXqp47cYIp2DmdhbXTwRLLctbWqD5lt1cEx+gyOtXNJnt9LO5pkk8wgt9niIUZ/vd6z9XtZ7q4juo5CYVzvj8roynFVp7zTtNvXuruRbWOVGKyTuEXI6/SrWhG50l5rZeRUWAtAPmd+CPy/ClsA/mzpCiwxyHojZ+nXnmvNr74neGtNlu5Ybe41LK7UVQFh6dd7YwB7A5rzbxD8VfEOuyfYNLZo93C2+loS57YaU84+mKqz6ise/a54r0HwVZzC91MNfSHclrGDJMx74UH5R7tXjPjr41a/ri/2XpDSWaOQhitW/eyH/bcfd+i/nUXhf4P+KfEUJvNZuv7HtpF81ohku69y7nkn6mvSfhZ4R8Pabey29jpKSeSQTfl87u+cGldLYErnmvg74Vaxrki3PiIyxq/zC3PCc85bnJ+pr2/wb4Ih0mxjRre1i2Lj5AGBHp7V0kktnaXVvHMjCeYssexC+OM/MwHBx+FK16kciFtxADbcoQCDx1o16iJoraGFSEVY9w5GPvH3qYwtaudsin5RkY7elUoZIpSxR3T+Ejrg/571Wb7Ylw5QPIGbOAcrgdzmmSaMRbzt+52b7m4cDHsO9XJbT5UCoXjRtxPdeP88VSjmnSzzGFiZefNxvyD1wPWpbY3Twgn5Y25zuwcdwaYErvbyN5CmUDGSxXhfxNRahc20LbFjkJK544z689qJYWeMlnjUck7ickdgRWHLazQODHPbSxO2fJk3EdMHkfr9KTYJHQCV5Lf5yRCMYVTyMVVElrd3LQ3GNrcDK+nf6VxLyXVvqTQqFtH84bikjGJVJ9K3vEF2LDToFl869uWyZdvyjb/ABH/AGc8Y98YqUy3GxYmt4orhrazEkm0B8PyrHPQH+lRFY4M28GRMSSYfLLMCTnINc1Yf2hc24lspLxN0n75JOJFjJx1OM/XrXYQWgmVgU2uZBkljkY7imtQasUWiuFVb2W/xuO8c4kXPYgcVVuIkPmmORpnnT5ndcg4HfGPetpLW6vVRWLfLuVSuACPp1zjiqMk8TSCKOcvNCuGTI+bAI+nahiTI9CKDRx9niVMkZI5III5Ge3405dTstzmGXyftTA5WRgFk6E5P06VMqvJYlR5cMhKySRqec56jHOPp71S06N/tRaRhcswKkRKu0DJzkepFAbnz/oxglnCLbw4MTNG/lbuFYEZBPIAJGQeMZOOtFvu2zR25uUjypebytp+Ugs3O4A4wcjPbNQMB9rlEtyXKlo4/NG1mAAC53YwcDO7ng+9XEjs3eLyhdXKlvMjnTcUfGA21f4icHnOO3HFcp3j7KMzL5UcbyNgiM79zoCO5J5znGAB69qaLSS3kVgqSFQCowFUnByR2O04B6e9NjmtBezx20s819KS2HzFtfn5chSAM9CfyrWeaGVPOt0uIJEGXW1ZAvmL8qkFjyOpbv0wPQsK5WEIuWmt5ySzEGUBsMr/AC5GMADjNTi1ktbB41tSiqNqh1LsXJJPHYDB7dvxpzwvIETTpoJvsvzMZFAO0df94AgnIzx75qzYoEieOK8USodxUc/xYCjHJ+8PXg9OlTYdzOjIneFW8l4VR3QOcdexweucnHXp2q9H5d45WGYL8qpHGRgj5uhOeeSTxk8fWqZ+ZFiDB2IYyR7BnJJ4yevbnoOfxdEMOomQRSoFYlSQVC55PPB4/wA92kO4TeYt8I4w+3GA0eCC3b1wORU0aXMEAlaKaOEglXGFJfHOMgHPUEdOOM9KBAkcbyySYaR96iT5vMHBJ3emT+lSMzA+XBFGZmweArMdw43AZC8dfz+gIWyhYEyyADIXBkhLAryeMcZyB/Orc63M1g3lTMYU3AEKqqHbOSFGDwO5HOapzyERm3jueQwjEiv8h3HoAScDj9d3erl7Gsdsrozz8bGXy2Koozt3HszZI2464OelAGbLajzvt5laUx7YxEsj+Wpx/dHU5Y+vSvPfiDp/mXiSAO/mKcbz82QcHOe9d7cXcqxl0lK2XBK+YVbg9duBx0IJx3xmuT8d3duDJBcgeWpYeZy2wqcFhkA4wDn6ZpMqOjOG0ZLzT703liDiNvnAY8fWvQdN1xL+xY6kGurhhwjc7RjnqDge/XPTmub0KwuBpa61He27W1xK0McRPzEDOT+nFaXgzU4YrucW2nWk6jarTyIAyb+BkAYAyQMk5JNUroJWZgeIrWCXVjD9jhtiAWJlZ43HGRwoyMe459qj8LapdWV5I4klhuEKSIfN+UlWBBGSMHrjPHPar+pW9tJfzyfY4LSP52MSmRWCA8vIwyBgnkHqSAAKsaf4OUL52rpdQO6fu2O3OcZyFOQQQOM88nHpSYmytq9v5muPrmmmJILhlle24zBMc5ULjON2SO3I4ql4zlbw9o2h3aECZbsTOiMu2QFWJ4H+yQPbJ9q0rrS7eykMRUzb49ol8xtsIIAG8jkclfcZxyBWJ4sCXFhDp3l+ZPOqKFO5nVi2XYHBwjYySOMHIFVBdTKb6FXXLCTUdUM7XpXTrot5E5XiWVjkrgcLkrnsPmB9agsIrllMdxHE0Vy8UUqOuJDHscgA5x9CepAx6V0Xh0rqMaaTFqRXU7S3CLIiptRwDs5IyNqgk9cDGc4qndC5kjWbU1gaKOLyi6sNrCNtwOBjLFs89fm46CqbISKtvc3nhbU4NKvAk2nXMhdMYRjgkEsMYPBPP5dDXc2MZbw5bxWU6NNc3LgbndcBQjMAx5AzgcjisH4saRBPHpGtO7PG13HBcSiMmRQck7j3HoQMcd+M99oulwXN7/Z8Z8uWzhN8vmHJeF2BUDoeQFxjv37Utx7HPXLRC4WO/W4jaJsDZx5ZWP5do6bsb8EnAA9at+IfD97q2iCWx8y6mt0SRQcedENuWDLgFhgDnqevNU9JS4k1S506WwVngcSSxlvvzMCq5VssCfMHUgKMcV0PiDX4vBFzO9x5z7lzGqAASMduRjGSvyr1NStGXujF8A6mF065sJI40u3dRlTz9c16Vpljb6fp7lYTJc3I3k/eye/T0FeJWfi+0u/F0OrLB5avIplQIMBjwTgV7QNQEAWAFkaZc8cERkc/TNdMHdHLUWpQ1eIzQvGvzMfuKeD9a19NtVtdEH70GWViBgYAXIH1/Guf1CVJQ6wXAhkYZyeOPT61rwx3EsYM8hfCqPMHAptiWhV1y8YvDENskUIEYbb9z29//r1Sju7awMM7XUv7zLgKM85weO3WrE0yW9yrWsJldlI+cjGTwW/Os+606NklaIusqJnA9uuKj0LR0H2T7aWlsBcTowykjsNkYHVue/aqdtPNciRrhChjX5I0X+EdD7CsbTLS7e5W382eFbnrEMjf7/j1rYutJjs7m2iiuZPMkJVdzdSezH86dxWRRvp5NYv4rcIUlVh8pGAV6DPfNXYpfIjIY7gWCopYkMOcsPQdR+NY2r2kNhqTRW8pngLAA88nuFx178097q0iE0cs1zGrOqbSm4FcHsfu4/Wp9SjntV8LafrBn1BJFsL5nJT7Nj5vr2IrBlTxd4Yu/tcEEswQ7FubQFGPHIKd+PrXUXl/Lao8NsY3ilwC8aj5gTnBz0Oa19PumvbC1truAvErHbKJPmXPTP45oUmhtHP6B8UreV1i1WNWblSF/duh7/Kf8a7G18Y6Lc6SY11D7O0pBeNgVwR056Ed+tZHiPT9F1ubzdS0uG5SMbGnjTv6luCOlcdqvgS0ggFzo99f2gLdC4kXaenv+tO6FZntGm3EdzZJImpArKRhgwJzjjp6jIrS1O6tVWJIpJbZSN24jIbGMjmvnGLQfEqFTbapbyAnCmVShz+FWJY/H2nrG52uOdnk3hz78Z4/KiyezDbc99eWBrySWKFVjjk5BA2hWHce9TvLpiXJglDLvUqjMc7WHQj1GK8Ds9b8axTGQ2+pCRsMzeepBxz/ABcVOfH3jBLgP5l7JKzbl8xIX5I6jjrRyruDkfR9gZkRZ40upUnhVXdkCoAe3pg4pk0N3bnNyplicAkGTAVcY6Dn8+tfPY+Lnjh4UtYbi5XYMYS3jB9OuKox+L/HN6fs9vDqk3VWWWYqhz6gYp+6upPLJn0RqV7pdhb2stzrlta/u94VXGFGfu9c5569q4XxL8QdH067nezvJL9JIynmkmJfzOCw98V53o/g7xbrsrPeXttpcQbB8tN756jn/wCvXa+G/hX4Xs5HuNbe41SeMqWa4Y7Oeo29DReI7NbnP6n8Z9cv5zHocRt5Oh+wxEljjuzZ/QCqmh+GviD4zvHnAitSBl5r1y78+mc/0r1nwP4X0TRNZmtrXT4W80lljeEHCkcfQnrmt9TaW0txbWljIlvdFQWjJYjHPX3/AKU1JiaR5/oPwZ0e1s01Dxlf32pOZdjRxuVQE9Bgcn8K9F0XwnoWlWwg0nSraxcRAxyvGQ4GOmM8nHfvUdnaW2ou/lNPC6zKVwzDYg4Bye/U1cLW9paXixTmRIJCsSs+TLkdh+lK9xGld3lrd2lv4fmllcucghwN49D7e1WU0vTtNt0W2sElkZsNJnLO390cj6c1S0zR7X+y4b+dN9ysIV0cY25PXPXpU3h+0khlLwvLMjArGo4WM/Xv+PvQLyLF7co8Hl3PmwNwCS2CD6EjnoetVYpYrqcwwqC0T5d5OVXj7oPXJ4rTsraMx+fqLBldyA0gztPTj2qCObTLbzbaGWJEzsVsnc5PZfy7VSFcmsofs0EtzMoUKpkJzy23tiqiarBeKI7dGjKqGMYbbvHoD3xUepK99byC0jiuGc5LM+AuOOT/AC6Vm6l9l0aWG7WNfNfEaKp3Rk8ZBPUmi4WudPDM6OovSIGcgxw4wSvv6fjVyXU08gIsQfsyKcEen41h28cdx/pMpWWYqXyDy+Bn5SeD/WpVnid5IROY3fAAZPnXIHH+TRcVi1qEkhtyjRyKxcBXdsknHXP8qry3UShJp5Yo22/IzD14P09P1rP1e3nudaGnboJItnmrhiB2znnnvUtzHHbxbAEdFYkkg4x6H0PHf0ouFi1rzWKWUaz3BmkjJVIFHEjHoCcc/p61jWWkSSO19ftgS/KsJkY7AvQk5OQPQ1LctC9yri3jWKVgVw4IDY9DwM1ePmJbpG1ruRiQSZOfwFLcrYgh0y+lt2la7chiUBjwCQf89qntEe3gRJ7ieWaIblkdvlcenr/kVAmpRM5t7md4jG5yFI2IoAyCewzj8615/s9vY+YIFukxuxnCuMjGPemK9ivFNFZKgGIN5IRmctjI9PXkday72zhlgiW1njSdWLCYKck9CP8A9VW7eGW+nmjuokSEgKqKoYnJznParFzo8/mNIJkUYzFwVUc9/QmgOo3TpGWZYLyFdoi6oMMevY8inolqqypbiNVkk3cpyc9d34VRsb5ZL+O2uNMktLqTcqyHLqxUZIBx+fanyhoiFgt4JCwy65wV464PtSQNHzaI83jx3ZtZIhuZEVPM++RhD6fgePat46i9tZJNbw27QxRotuY2AMIBIwnAIJwM5+tZkpuruF/tCRJlCqQkMr4Ug7FT73p0HbPTrJoltFcXJknSUW64nlnll8uSHc25CMZzuwAGIxyc5zXOduhdnt5dhW4kjjGTIcxqzZxkM6k/eO7JPU8DipLFpo5bWPSJJzcTBlNvGWZwcDqApA9QRz+RxSWaKbUYbm/vLaSSaESWy2siF/vEqJOhfO3BIxjvgU6LVUe4vPN8uC3igKiTzTGUAOwEjPPzZ6g4HTPFFhN9jRsxql2ssqSvKBIoSMx/OpAGWPGdv4/Wr0cFutrsXULeOSNAzwQIpKYyNrMM8nHTHY9s1mz6jDbwmc3kSMsbHP2pSQ0h9A2CAwO0dSeME1b1aVm1S6mWGKPzcJ5cTFAwAwpAY8/Mc5zjGQTnGQZKrRwNbm8ikAKMVG9I22ncSDnIUg4IUY9eelJJJNBZCOO/ltzHJuMkyqCWyduO+c7s4BxnPtUN/qkelJdstwJYFKREgl8ZyWCZOCOoAKk5GRU9lZf6CbkT3MkZm2wpCI5Zo2wrBmx1JyufRRzSsO5LBbJJctG97cLBMwdTGu6SPA4BDEeueD0qXTliQfvre2ut8xZRNuQHJIJGOmMtyTxn1qJFntdIaWW7lRBclIwG2fOByq8HLHA6Hr0ziksEW4drieKdIHdxHJvLHAyzBRwzMDyc+5pIehdsY00y7a/mtLowxxkJDPAHUngL97pyc5OenPaq889zfyT6gilUu8mJVXAIA+7vPJIBPb8BVueziTRT5kVzaSTy+csspC/aI8gNwH5QEjPOSDxjFNsilzp88tvIBPuKSPF9zJB2tgMf4sZ28YAz3p2FcXWrTSIflupYpoWI3vGCxbCkZ4YEMT64AGODXjfj/Vi8tmo8j+zRdbLbYMu8QDKWwCcAZIyeT3rt9W15NQjmtrKDdbZiQ4CrEu08sX27mLNkDqducda4nxzpWoX3ifT5JYWaDyMRYZhyxAyAx3YKheuMHjAxy2JMzdQhmtfh9oGn2TbbiKWWWYtwATI64+gHPH973ql4d1aKN/sUtp5NzJ+6Mpk3Bw//ACzK9MEjqOhAPOMVo+NEawni08zz7bZExI3JjJ/hyOoHbvXPaLHqK+IhPp9mhkB/dytnarDqxGc574H1pXHtoe3va6PoyLq2uTxyu6qRGzsSnGSPlJB+7nkZJBPOa5XU9bk1e7eO3aCK3tlUlUiCFR8xypUjjg8fMCT24qjrH2/WHtrW7u5ftohBkKFi6jHUf3uoPUjjPpV660SWyh+zRxJIvlF4NxIdSQdzEgHghV4HTvnJpXuFrGEltLJqFunmeXIiOXzIg+UMT8zcEkDacemOORUC5vtIeCFGtr3yvMgLgcrzleuOeCMEgH0G6rtnZyW1nNLDAwjVAFSTK7RnI4I6g9enH4Vb8B6zYR+JrXSZ4BLDJOZIt7gIAVwR1Ax6jPp35qosiSOQbTdR8DXOmeIbKR7iyl+S4dU5Rjy2TzzyTyOORXUeIbazu7iz1rT5EMN1HtkeFtymQMp5A653KvPTA6g12vw4ihi1rxD8OdeiSaMAz2Zlj4ntWPAB/ixu+oxn1rP07wHNoGv3GkW8ok0oHz7bdGHaByMEDJ5GQDnqCoOabeokjBmsbyf4f+dcs0OrWc63OIi7qArNKjhOQY2ztBH3SOeK7/xcBPL4V8daI6x3Za2gviF5uIJDt5HU4ZiR6c+ldm3hKd9BXXIFne3liCzRI5AC5AIGOnY5Gc9T0NcjbzNpOh6nqupLLLp2juzvGF+dSmPlxxzkr9eD0NKTaGkpF7WvCQttYl122ENlArl2ZMAkMG3MTnOM9COcgnIrn/EWl6J4ojgvrmSS+ht1dN0ibFwB97g5wMcAn3xk10Og23iTxTb/APCT+NZH0Tw98ostIgbLyr285xyDxnaMcdTxisDxjdXWrTt5NsbHSrRChjRQscfJwzE4ZjwMD3obugSszzfxH4ZsLDw4Ne0aYNGbjy2hC8qOmSe2Dg4967mxub2OzimvndXdFzIw4YY5z71Q8RRWmn+Bbe0EEMKSSRtF1SQt94luecjjA981tz3MUunwRXKDhMFdxJB9z3rWGxhPcbbrb3EwZkOOsg3dBn0+lbF1JJBaGOQfIy5USNjj1yPwrHtrUzPxHE6HKKR0zjJ/HAouIbu9aaOW5CQxquPMHzjOMBfYVZPUYlxNPevI22JD8qbW4wKt3M6W3lZBVypDtnK46jOKpWtiLdVLb5ZSdqA4A64/OrGvG0S5WDUNvkxY89VOELHnZn0XufwHpWU6ihG7NYQc5WRTv/GamZZLKOeSOJVTzFjOxQW67gMd+v0ruLLXcGS/mjhkCR+UkSxkKpJ5bPfPr2zXAX2s3QVVRQqKPkXZtRB22jjn8K29FvXutJRgSwiOwonT5uelY08Q5ys1Y1qYdQV0X2hV3e8hjVY5wjpEybgCp6D06fjTW0o3MkslzZ7HBAMZIBAwPu/iTitVI5Yba33Mili0ik8BzjGCO4GailnFldIJzczRzIDM/GOOSFPoD69q6DnOYn8Pea7NuV0bD7e684x/tHrWna6K9taO0EimW3BK/MCdrdeMZI4x1qSW7yUkfasj7VQq+NuAfw+pqZ7w2pEgnSe4k5b5MKCPp06D8TUWNPUq29rZSGJQj25iUeZ8xKzckg49c1VuNH86ZVaRvIWMkSjhWweeO2DVhH2Mt1cyeWjbmQKoAc9Sv6+la1hcRtYPfSzOJGZo4VYAM645YdsDPOevSmtRPTYy9O0rTPNR5WR08snbvGRt9+2TzTF07SlXcYpmllX5AkeTIewz6e9aIXSvMiR44niQCQvMCMjHTaAMjI6Z71d055Li5M1jaiQrhI0Ljyo1IODz93bnpn0oQmZej+FYnuRNcWszrxE1v5XLZIDc54AHOacnhvRG1+KSytlgtID5gaWPdgdN2OhzjH5V2UNnqE9gbK4McECTDb5ahjIo5yT3+bviqVil9Iwt5baOIzoGE207jzgjC4GAQeK0sjO+pzw0jTobhU0+SzjjLrvYKCACcAEcHOO/etG30lTG9yskTmO48uPcudyAYzgetSRabZFZZVkadYjgxSLjd14Pt9KS0ErWhuZi9qpkHzCPcsYXp1Ge/X0rPlRrzslu7K6uZokgtIjHCu1FhyBIOMk49aty6ZdWhtpZ43teGWWB5QWkdRng5Pb+VdFoU1vBpkF9JdLKsrbfOWTagKZz97GQaoeK9ZtJ9Pni0uK2u5rqQQu4fJjB5Bx17dRV2W5nzPYw9JiubnUXvXMts6keWCxGeMHk9P6VqT3d/wCXtRXazztAjXLAfxfN6e9QxxzWVtBBqd04llfe3zEFlA4BH90nHPt0pClusbyGSaKdgSjYJXBxwCeMnFAMuX14DGYrWFIsyBiJFYKYl+8ffNMjMeoSQXsMUYSNwUVCo3Ee3tUUUeoanLBAJStsqqZADjd3OcVNYWGnTkyWsSKjncCyEthc8Z/hz1o1YbGjdXq+arSW8ssrkKhnUFUPYDnbnvWjHMc+RcR3jb+EKphAx7Lj25zyKxtVtPJhMtvITcnlQ7sASBxheRjnrUWj6reyQ28l23l3MLFTCsbBMY/iPc5H0qiTqprjynY/vH+QbUfnHGOD2+lUZYdLW2j81Zbby23+YCAoIGcZI6+3enuhuYgodgDjiKUKqsRk898g8/THFZ2r217qESG7kDW/Tcq44zjG05GeOT70MSGWHiCOe5MMtsYY4XLLHD1fI6+hPXg8VYt0lurpLm5j8mKM7oIn3NjPGRx15FJZRBYnAhkgjkCFHUqhyvfb09BjripjqE1tcRyTPG2G8tJACHKEck+mO2aRRsabhLuS1BkhjVMoCRt9OPYGtryrKC1aQBSduDgdDXN211JZapNI4aSGS3zCFUEPzz07n0rQN7JZ6ckt5aONzkqm7JHbn6/lVogqahYxM32uOWMO6srOQAS2Dj36dqybjUppNRFjcRKzPEGQlWUD0BB6g/pV53+12cHmp9rimxtKryjAnHQ9R0z0xUE8Ed3fW6lhPKVLk4IyQeMjg8DNSNEkml3kEUFw8SgkY8legPJ5rEvtUcXhibzcSMqOfL2iBseueKvajqT27B0lkWN41HlyTbwxXqc+h49+KzoWa7K38vlb4V8t8nlmHQt2wM8n0xSb7FpGxcGZHjiWO1e3Vd05VTvIOSCK2dPjEtojQTgpkgg5Kvn6muXuLsr+7EjJcOGbA5UnsVOeh9Ku6dqH2bREuncy3CAiW3bGRjoB+tFxNaHRXkLwW0kqyOjp/d5xyP6VTMs7NKl0rrAoBDjJDZ7kD6VENW83To7xImdd4Rkf5CABk49ajt5r1iWnEbeYjN+7UkKPTJ7/AOFO5NmtxtzHGJLeeCYwY6MzcJkjLDjv6VJcWjvOsjS/LtzlgMjjqDUGpQWs8/kFW+1FflRnBCDAP4c1a86Mt5E8kHniIeYoYK4Xvnqf0oQM+fm0vz0+zL4tS3s5RIZZLa2HmT7irMjS72IRW3H5QSBg4INOXSIZNQksrpL+6kuYwu+9kSb9ztGQ7uFCqAo2jHBwR0AM90YbXUCthLdRRRMUKXUexWVjs3KAwEkK4AA3ArgZHermlQnXZBdyWej3Ij8x5UectJIuUJAVdxwMNgMcY7HGKwOyxe0nR7OGwtYDPNbwJCEnSQbGzgfKxA2pj5e2Dk9Kh8W6JYW9pHc6ZcvFLDABIvmO+zrk7sk8DgKOMH3qO4mttIlme5Ns91IqzySujEiMYxlX+UOVbAUAlSM8YyMG/v57yz/tNNONhbhuJheMZmA4BAPG7HGTQ2kgUWZ7+dG8wkuEW7EZMJMTRr8voyAYzjqw9Oc1os6XBgL3c0qsA0izO525+YhT169D078GrVvpYksoLm0k1SG0mIYTPAjkspP8S5I7/eHbJzxi1Do+xPKaSMziTEhOQCGOGOM8qSeuORwM9aVxpGaxv7nUEaZ4JWZRIpmjXAO3od3XA49QRRbXcRjmG6GCNxG0UKW6nacMzEZUdsAknJH94VoGS3USRxPHHcgAeU0iyQyhSQG2EZBHTO7Jx0NXryHSRBFcX77J2ZZPNAD7owMjI4bdn5cDAPGcCgZal1S3uLK3tkvLpraRWeaPAVYgm3HLBewPfPzcAYp1tHBp6WcscKzRXEMu3E+HJ2GTG4fNngkeoH50YbT7fe2ttCn2aS4uWf8AfkQmaJjwQPmBOQw25OCRg9a1b/RUstBuJZCILCCdZMocFohjf8zH5u4Cqy8ngkgUWFfSxVukvEVAfNa1i4lljikkEfmAKN24HeQuCAMHHA5rmNV8QLqdvf2OnX0qWbbTIyIsfmvwqwoirnGAu4kjHoOlUvGXir7Qx0hDcW2k212GluY5AhYIcKqHc2UPJJ7nkVieH49M1bxGIbaOWfS7XdK4kZg45ByhXjecbQc8g560XDW12MtrDVJ9RtNVuxAts0f7uOOFo/NjTKtjPUAAZOMZPA642PiJds3iHT9RgdRNL87xEYUEEKNuO20jvg9RRq+p3Y8xw4S3DkKjKCnk44XbjI4IAA6fnXOXM1xqt/pMLzStJNP8p2YWNQwPGOv+NK93YLW1Kviw3lz4hnt7uJFVcFWIyTnoetSaIkFmkkzSMJgAAVIJU9O/bivQ/it4JaHT4PEOmqZQYwswR85PGD1H6DvXkOp6t5FoiMQpkby1kwSBnscnnAommnYcZJ6nceFHS7l+0M1wRC+/EqBgxOdrAbgMEZ47jpiq+sePNNsNTe1vLrzUBCsLddpA74xyOOo9vesLXtYe28INDb3n2W8aSNYvKYEsmMZU9e/J4x0p+g/CQ6jp6Xc93L5s43xuy7Q+e+GIOOvXrxjrSSE3c6P4d+IvDOs6pcaPbhpi8LFGdNvygd+M5A9OvetDWtF0u5u5HM9us0apIixjzZIyeATjIUZOeR19cYpjW+m/D+xjZQ4wnlLMtvw7enrjnrnjPfpVu08eaEkjW2veGIroPkxTmJnjYZ67OnQ4ycjk5xRFpBKLZ0Mw8IwQWck3iPR0ubGLdBIl9H5qqVwyls5YE5656D0ra03w9davFbazYamLx2O9BbvncjDBPXHT8Oveun+GGgeGfF8cl1ZaR4ahtS3yJFbxmduBklcZUfrWN4w+F+ueGPijpGq/DuEWkGoyGG/jCYgCj5yWA+7wGwfXHrzXLJtMSkkmj3Xw/pECeErfSpoleNbYROhHUYwcivF/j74JvdH+HutP4etrm9WZI3khRS7/ACMvJHVlKqFPtXu9qwRAmSMqMnNMmaB0MchxIfu5Pet5RTVmZRbWqPC/h6tj8RIbeze6lsLi3tw8lsIhuQsMHg9CMEDjvUviL4OR2Gl3ZspYbm7lcuk14vmiP1OCSCepzjqenFeu6NY6TZ3st9aWNrBdt8kkscQVnA9cdcVheO768FtI0DLkfdJbge/pSjTUVYJzcndnzPrnhue8uf7PmuJbkW7ZkZRsQ46hQMcepPWobK123QtnfzFQnapkGPYCtHWvF2j6VZSvcTiSe5bMiK+5mPOd56n6cD0rzfWvHBYCHSrWOJMEs2zb68AZqrWId2egok0TkiQLDvxu3eo/pVWS78udpnkDqH++OPoPxrzM+LNSS3Cyyh0JyAw6Hj0/P8KvaHrEtxbS3M7Pl5PLRFGdz8bfoAM5/wDr0m7AoXPTba9YmW3jOJJ0DrJjLRBTklc9P8cViSy/bLhro3DR2iuSrBsP6AjryTwMc89RQrSjTw126QXWoBdrBSAluudq465blsccBabHBa/bEgHmzoqqoVHaND+X49BXDN+0n5I7qcfZw8yfWLCOaxWa1V5pI1yyJJ5gjx03EE4Prk1L4OuGijnVXVd8e/HQDHJ/TNQ6pqUpiFknhuS0tlbAkEwZSc43fLnPPqc/TpT9IYG6EUPzKVfdxxgI361MvdmrGijzU5XOtWKe8nt7a6lEbNtKDdhUQqCBnsOtVNYkhnCx2d00m2MtLxtA7H9P51y994sgktxEkD7yQDgEjHABz+mKr3fiRnhbybeaTbIEXaMAtx09eortaPPSZ0CXQiKxOIiCwILKHx9AO3TmtNpQiJcQI0hRSZBIeQO5x2zxXEat4kjsrIhrZ1mWQK2B1kIBKj2AIz9cVWHi+zEKoskjT7yXIBOfoe5FCTWhTO0aZdUnQSlYo04AHUA9AD6Vaktv3itBPDugKqFYfKvB+bPbkdK4+PxhpczKi2rqq8vJtOc9yf8AH3qNvF+nwAeVbtI0mG6nhc8ED355NFrBud/Dp99P56iS3wgCGSST5Uwf5dTW3pD2MGiSRyWZkuGYloWO0Sdx9fpXm2leOtLtIJDNbyuHdQ3dXXJP1zxx9KZD8Rha3M5sdOtLjzY/lkvsSGPBJyoHc/0o2FZvQ9e8+TUsSWF4lpaxj95FtxnJB+Ue2MU7VZ9Naxmku7h4NRgbdB5bHIHUbs9znPFfPWoeKfEes6g80l3JbM48wFR5Sge6/wAIHT3yOtZd5qOswzRyPdpPM4H+uJbuMBR1z74xk8UOYlT7nt11r+ivdSLNqVqJpcu0pyERuOfr65z+tPbxTplzA6WU2+3j4jyfvDByxHXBPrXiSa+99F5F9bpFERl3CYyO5zjr6DpTrjR2nlR49WaOd+WgRT36A9OcHnI/LpU8yRpyN7HvekyRXkEz3EhKLHvWKHAH0HOPc1Fp0sMllPqEJO2K52j5+UjI6becD35ryO1tbyy0vzIL6UiUHcpUxqe3fJ27u4AzjrVLw94l1e81GSytLiR5YsHv5a54PTHfA/PoOafOifZyPd4tQlkvpp4i8pkwdiNuXOMfLwfu8jHvWzJPbyrDawEiXaC3mDcEIHUj0wK8YOsatpVjC51OGGUOQWeL5hkZwMfXofXn0rY8O+ObyLUVmZIyph8sTQpvbOegPOWxkk/h6VSnEh05I9Pla8tLF5TcLYcFwkbgBgDxx6HGKdaWj6kiTz6hc3DMxKyRJhQQcMOBkj2rjj4k07WJbiCO8VWcqG+0vsljODu3ex/unnvVzQvELW839nLq/nuZRt8tyAFPT5x2zyVx61SZFjQuLtpPEUJvJU/elVIEZUOmOSAOoOPXjFdbpVo8TLbNbR+QshlVoirA9Rk5P6Vz19aNdsdVWWP7XGBzkqUYcsVIGPzHQnNQWOsajZ3TwSaWuoSXLKUaeckc8ZXtzRsG60OzZEhAhECRYIICxgADPOCeP5VHA0EAZ1Es9uBvkkaXoc9Md/8ACsO7uLxZZhcTW8KYbECMS0PGeT9enpVRHmW1NjaGH5ZgdjO7Fz7deO+aOYFC6O70q5S7hiuVSEsAMIj7lU842kgZ4/wrC1+/t9OuZ573l41LRR5BZ8EAY7/xdKoWv9paWdyW1vI0blpA7fJFxyecbtuc8e9dD/ZlnqM0eo315HcNGxe3UOFQEgdM8n86q9yWrMxp7OW3iSdLomK4dZQmD8w6YUH098VvWVsmoSIZZXMYwXjwwaX3PoM9cdcVzmsXXlavHLa+cArhgsiY2nvweDnHtXRW+uRXNwrxCbydp3M+MKT229fx6cUkDvYbDORNOUFtBAsm2DhgdmcNlcDvnHrVO/eRb6UJB5hWIHccDKdlznOf8RU98JZFmEkUsUcpLbiucgnA5bgkdQBVWSa3hs0MDvHK8vlybLdDv4wWJIOM8e1DBGdd39vZ6Z5Op6auYw6eWzKyjHIB44JOOnIrn9NSSSGbcyhersclWyQAD781pz6ZffaIglsshlAQyyOGLE9+vuKvrp8aX6wTCSe4XaZlUnkt1IB7jg8emal6lp2KtrEtrdttlLeW4U7V3rFwQQCvfgdPWrzwJJYu8cLyYyyiSEqxyMA544HPHXPPtTreO40+7+zQRGLzZMGaZySOOeB0yMfN9asTalO/lxs8O5nKKYhlI+QPmY8nOenrTFfsTW0N3K6W7Rblj+cru3k+vAPP0FWkEsEssMtxI+522qF27eAcZHWsWdrmLdCryNGzEJ5ZIMgAC4PbkZPFbVhcNOZILZNknUeYCzA9CCRzQIksLO1muPOlgc7sM21iCfQHPer/APZ8UVwJ4k2vIPmZiOAO3qfxzWfdXVoUNqZfLUgZYpw2CN3JPA+nWtK0gR4Moyuu4Z3EkbAedvPFNCZ4hfQ3MNhFfX2nNJa28+dTgWwVX8oZCSMysc9wVWTgsCeOteS0tLK1tnjtHgW3dkRooJcq6y/OWVmXIO5SoByBkEtmsBdW123SK9trSeyUSKZFVSIi5bkCNjlQd43LyDnoMCslNWWG7t/vxXggZVureZT8rMCDtxkYHQMeMkYrnujt5TV+IVtf32rsRbk7HxJshCr5mAxGQOSAVyTzzzVNLO8uLU3OqmS30yDliFJLt6Djk89ccc1saZqlxFeRPYXL3ayo6ebeMIBvB3CP5GO0cYGzhgefSqmvajZ6heJFqGoSSyxEsUt4WdDEDncByQRuznDE8ZwBSbKRr6NJeSahiawt4kgjLRStayKjopGJNuOMjaMdxndjmpNZ1qK+t7mO41HfPuAZobcxRhQ2SpJHYDHAH1545W6naDV4763iuVtrpWkybsqoGSAVcs244AfHbgVvaFOvn22pvq8sVncI0T2rQuqyKFLbVZiec4O3+I4HPICAsWlrAunveyQSqJHQWflqqg+u5iODhTnJ9QO9O037QSbXygsUbmWN1kUbA3JKDGQcrg8eo71Y0v7Q8v2RlP2lkCh41dpCgYbCi8qzfe+cgD3PIrSstPurXU40vLWaWa4jEa26yb5mVm2l3UnAbjLMQM5I3etIRVgit5b57DVCILUoHm+0KfLZRkRx8kcgAHpnoQBmvLvH+q6fpWof2ddXU1xZsf8AR4opQ9vA5AZwoPIADKRkZ6Y4yK9P+J3imLw2YNZeC5uZdSjMdsixgLEVXKyFe/zPzjHQgHkY+fvGKbr230+9lh2vL50qIi70Yjn5hnAJycZxwKHoSncd4h1Z9Yt5fsTMYuVhhxlgij7zH+7/APX7V3fhrS5vDOhu1lqEd1JcLEsTDlAuAZJMjPRyVx1AXv24HR7e3S/L6ft8uFGeTIJAAHf1z0r0G81OwtNA0u30G5E1tFaFFbaQwPHDDp94sf09ahSTLcXfUztQaWW6mtkiWaXIkkVH3RpsO0JjPUnA+n1Fbnwy0WDVvFDSXdrGBYvsVjMVEbj7wGevNJ4Ftbi2vbu206yjvtVhtwtvA2MSSMu/52PQc/oPWuq+EXw08fabePqF7cxWj3U7TTLJGruxYktyc55J4rWEVuYyk9j16y0mCawNtIsbwyrgsF3Z9+a8M+K3whvoYpms4bSa2dsoSrll6+hwPy/GvprTbC4hs0Sch3A+Z8cmpIVXzHiuceWRgArirkkyYux8NxfCnVGhtbpZZQsLqWBbcI+fQEEn6Yr3TRrZotFjhuH3IqYkjnXYNuOmQTlu2eQenNe8SaRpk9uyNbQsrDBBQc1yet/Dizug8ul3s9hdbSEZMOqnsdh4JFRyMrmR5fqGnadK3lXtzNbxohwhwQx6gdx26HHeub8R2F14X0Y+Jo7h7mG5KRLN5CwmJAuQuRknJycn8K9Z8N/C3+zpZ31W+fVmd9wadRx/vf3if88cVp+N/DtlrHhLUdFlmtgZ4SIvm5WQcoRj3AolSTi7jjO0j5yttcub2BbiNmVz8ySj76n2bgj/AL6+ld14T+MPirSU8ibURf2ygLsv18w/QSA7v/QvpXAaBczWW+2kCqYmKMskWduODggjnqOn41LqlgjyC6WZAjDny4wzH8SOB+NcUYuOsdDsk76S1Pa0+OWnWixTazY3WmJM2xZiPOtnPqJV4B9mCmuzsPG+j6pp63NtqVrOjnrG4ODj2r5fsmu7a0McKLcQHIkhYjYwz0dTwR/WqX/CK2Gr+Z/YF2dB1BE3PbSSv9ll47MfmjP5r9K6FXmviRCp03se1T/FO2tfH8WlwSkWksMj3MuMrEygbV92OTx7e9effHH4sfboDo/h263RsCLibIJbP8IP9B6V5LrB1TQ7s6f4gs5rW5iYSD5/vZPVSOHUgHkZzWVcarHdXlqlkP8AS5HMckar8rZ4Ur2xg8nj+dbQq3RhUiua6ILmUlmlkYys53E9ST3z+tKbWV7IXUW0qwJbLAbQMfj3qzqOntaPa2wkt55W+/5MhfHJBzngY46en1rY8Uw2L6PFqlkj27Wk7WV220EFuQrsp6ZOG78VbkZJHNRQRzR75rmKG0DhC5PLMBnaPzFegfDjRrS9uE1m/I/saw3QxW/mZE82SduMdMYLHpjGOTXGQ6RPBarDfCIzLKTBHswgBAJb6Y9fT2rtoL128Kafo9nbSfulYyL5m3967dGPTbjaOnbmuec+hvCPUsz602p6td3F8ixKXAQLw2PQg8enBHt2NbelSWk32dbu9UsBzGksSiPn/lowIDN6jr29q4iXQ9dttQ8+a0c20a5dkzhs85B6E4IOfYckiup0kBZE85WtzExRGklKoxOeORtz06n6GpiraIuTvqaWvW6KqzRXKyI7bE3Dbx9A2P51l6r9p0GC3v4IxPFcyrbCVG+WFmIBzz12k49Sfat28n8OqBaaj5dlebC/nMzqFGe7IPl7ZBz+Fc3pOnXOoyar4Znu18jUgJbOQsGEMsRBR84DctgHI6E9abgm7gqlo2NHRtGt5L2WLzDIiXAQIvQK2cg+6jJ/Gu7PgtTA5tLdU8iRm2sCfMlOSVHTKjdg4/wpfhrpJu54fLhRJDLI7FhkKQQhPv8A/Wr2+x0eKKBDFHuc52s3OMnJz9Tj8h6V0QV0c0nY+afEvhp7VzBcQy3ZQEQKIwGklJLSSk9cZYAAdflAyTkcXD4dH2C5Ji3DeV3E/LE2T8isMbsEckcZ4BPFfWHjfSLOHTyoto5LiVfmZvlEaAEkk4JA7cZP8x45frbQ2kryhIklTdCZlDblAOSoHJ79PlUdyc0SVgjJnmdparFNb6a9m8zM+SEwMKRx1z1Oen+AqO7s4LNzdpNHczxOPNKxAknqFUZ7YA4B79hW8Xg/smXULe1aNJMkSmRlLg8DIHJ45OM446DrxHiOKSaDyYZwxuZFjYpAS7HHQe2Mfp+GRqPM8msy7kuViuIAW8lmDeY2AM4B49OlVYLK3hkuBNdCO7hRd8hXJTHbLfhwB/hXbaLa6XpmhrFEyC7XKgpGm522/ePOAB2Bz9BXPahF9ltFu5ktrr7afmkVy2AOrfd647jHA7k1N+wyLwpo89/BJqE2pxOu7ALMS8S4LMx64IXJ+v1qEf2YPE0cZindIh8xJCO3BA+hweuTzzVnw232LUrqOKQkQwFyW5jjZjxkEnLY2g54znriuo8NaJPbvaXV5gSLGc+aAdqEElj6yHPToMigLFe+s9EisVjliRLln2qLdWGzLHhCc9ECr69yfXD1rw5dW88TW0d2LAL500ytuLcjnd3ZugIrrZbNdQ8Rxq87TW8CkTIqlQc4+QevBycdyDxio/iNqsun2UsgMiwqF8pZsqXPG3YmOegxxtGSecULsGqMXxSttZ6FHAtw4ndi0kUZPLfwxKBklgO578nrzS8E6ePCtjLqOppGlw7s0UMzAtx0Ppknvg+1XPAukyIkmtazbbAwBhIYIducdfrj+vYVkX5udV1lYLN99ujtHJOxUeX2Ozk+vOD360X0F1NfR7uPVtSF/dF55l3MkS4CEsey9zxyeBx3qTxjrDWyRwWlm3mkkbIZAkYAyuNoGW9yP8RW1bafpuhaeltCjBlTIDN5YJI9SwY59OM1U82xtIHuZXeOd4zlPPJB6YHHPTPXj2pKxT8jiL6/1KPTdixvHcKSqAfKoz3wDyT6Y9M1Y0G+uGdJU1SBLondIj4kR2xkDqM98kt2rF1zXniFxY2kisZPkbyyQcHnjgfkK0vA3hqaQG9u4FjBcZWY4ZxnkY646ZPSqvYi1z2PRfE99c6SsMl2k+BmcowTBxgHjPy5Axxz9KuWXii2jvo7VIZLto0w3kvuC+v0IPPtXL6hqWiqfLkIUIwRTAx27uQDnO3155749KpRu0sYltjK4ZtiJE3lL14dgTgkenc+lVzt7k8i6I9QsNV+2yy3UpV3TKPsQZBPY9jWnp8unpcpdXriRYf3SMobI9CcdCa8Il8W3+l3TWonuN0TDY/lsoXDcKRg469ep7YFdNY/EdpYTZXqYkZ8l1QMAT2CgZz7NkCqjYiSfQ9n1NIptFEE214zsdjG4woyQRuJ4JwOeOtTahqtqulQ38RSOCMDyXkfAztC8fT6dq4nRL2G5gt7mNopbeSQsI1DAhsZG4DORkY6d6ua7dx39nGmmWVpKUGGJkCqAcEkL69ueg9a0MjpNRltmt42C29zLcESCWFt+8dPmPQH3HHFXNNht7Sa4lKyotxlZYydjRj/AD+Nc7pcyeWtt5dsqnDhgpG1TgbsHAxn+pxzXT6VfRmJJZSZUxsUyr0KgljwMD2poTLokczwzjc0QCtlwWxk4Az247+1Z+vzSQ2bR33lGJmyrIcI6gngD17ehqO91EW6TXUbuoOHCCTbHjO3A9eoOBzUFvdW2pARXcEsiLKF3zoE2nJ27Qeo/wBodcGmJdzcskilsRPCWDhBujT/AJZtj1/z0qpDAryRqjPFNb5aWN7gt8394g4/wOO9Ypv2s9dtwst1cQxofN2sXRB1XAXj8DWxZ3KLIX02WXymL+YrxNuLHPBdvftmkFjQaC+isDcahdpKYY2yywhcqMZBLZHv6YrnNYiuJLP7XJb2n7lFYmI8t0IVs8A7QeO+asTXFzFbeX9g81g2XkfcYlUtg7h0x9eaqR6TcG+b7RJDKRHhjIrOxwSMRrkDHOB6YpMpaGiJZYl2WNrFCrlNmZBujLjIxtxg9KnuLNorUgT+WsnLKFJabvw3rkc/rWfNbajLqEEs1rCxiRBtR9qAA7uOvsPwq9qN7dPZefH5SmN97gIG3cZ2jnaeOufWluGxONLl1K1kVXZ1fLLHONjq2M9ecc/lVrwfdyT6Y8Lxs8UBKiRgVDDHGMjrkkEVTtNXvo7qKKSSGUNIFyCsG70A5/DjrjFdCWSzgWTyHtw25/IkJGTnnAPXnv3zTVmKV9j5t1FppneCXxJcalD5clwiLbblweHMgbGFwMkDv0xVCbTtK1DVbWy0y3ldnkKxwyTu+7C52hsYQADAHPQnIGTXWXOh6TpixzadLNE8534g0v7S6OOSr4KnPBxgnp0wTXP6utvIj3xv7qLZtee3kRgH5ICZXkEDrk5PI6VzM70UtagdEFv4cjt2hUCV5JCAUkK/Lg9uBjOcHPuDXO6Fpd3cu1tcQXQhAJBcKHAGAWVezHngn3z0rs9AsLCSWO4kmmKqoizDbjcd+VGQEYkAbTtX8zUWpGwF/dJJLcytBIEE8dsGjdAGPKnOwnPTJ759xXC1hNC0S0kuEkuzJPBOqmVmjkm3jbjcjtkK3AUYBx7cY62x0i2tryCdbY6bCGMkCqZbkP8AIxGNoIXvknHcjHGcWG1t70W9zYG2Ro7NfJe4JgfcWx+65JC4XG7vnORwB01n4j/stNKur66jtbeWQQ3CRuDBA275SAAeefvMx/i4FNEvyGWmqgy/6bpUtqLeARRxq4GARuwDg/OW2kAkj5c4Aya57w94hv8ARrW+16EXBDTiS8VzvUMQAqFhgJ8gO3kAkelc94w8ftdsbJLOOWG1djEjxCdonHyAeYF2kN8x55PBPYVzV1r1zp3hpLa4cPbxsbpFHyZfPITIG4A49fqMYoE0M8ReINS8YeK9QvpZbaS0tpmhhuTO0cTLubbxwdpJB5wCQM9cVjw6Ta3B1Oa8jEV20HlwzFCY5J/bGRk9se5o8L3bXNk3nNLb2sjtLcOmCZJMHGwY4wScsM45PWrEd+0dws0CPDBEC0Nsx3MiO2/jBJAyoyT14Apsm5nX+iXWj6LcXZZVaK0Fxc20rBHXOQQP744BGP73PNa3w4jTWJbyHTIg6zA+UhYgjeMbcD0Pr60niu6i1LTTb3bbjdy8M+FBkZQc7uSQD9ccD1x9CfBbwVodloFlNYQ2jzFQz3EKspY9+DTjSUkKU2mdD8LfBdtobJqvkbry7RRMDz5e3I2jPTgL+VepwQAYITA9xVbTYBDAIyM/7Xer8l2iLsAz9a3SSVkZt33JAqkYA4qvcWKyg5wPqTS/boY4y7ukar1JOBXDeL/i/wCDfDjmO+1LfICQUtx5rjB5+Uc8d/ShoDpmttQtW3Qyb07Kx4P49aa2oX4O2TS5QRwWTBU/1rjbD43+AL6BpjqrwovO64tZEHHXkr1HcdquT/FPwcI5GTXbVynVVf5sEZHHuOlTyjubcmpwzLtkS7iB6KYWH5//AF6oS3GlyR+ZHJbuuMhmbP164H6VTtfH/hi+t3lj1a2CjhhI4Qrnsc9O4qR9R0q6gMrS27ox2oQwYEdqlodzwf47aXDp/iePW9KMJhvMi5MeCIph39AGHtjINQeD7S8mtlnuZXMbAEKsLHdxkdP6Zr0nx1ZaLe6fdWMKxwzzKyiRUQiEnuV7jOOMivHdWFzoGk2YmnRHina3upftBjhQIoZjgckYYDA5zxg1k6TTubqt7vKbHiO2C3yyRB7fYflZoipx34Bz+ePoa4fXr8Rak01i3zpz9ojIJbJ7/wCycY6CtLStUbxfqf8AZmkfbJIAVE1xcMYo1TPAIB474UZPPJz07W68MaLoVj5AtFX7Q2CDK2SxHDIT6nqOhx37zJaajUjzDXNSj8QeH7eyuElkvLO6aSJ2GQImHzID/CMgHH1NYtskOmeILdZPsktzEha4iY42qc7ipGcsRgAdOc+9dZ4kVdNupvs0EkS3Em1gkW5ecdGGAp5+4e+Md64TRIo7jxrDtliaGNMXEpyQzspULz29h0yc+tEFYmckzJVpZIx9mnmTy1SKNSQqnJ5DnjJJYn8eeOa37l2m8BeIrqQGM3M8ZeNm4LKFO5Qc9yV65BBXgHFStpy3V/5LqjTIwhfcN3JL7jkdvlyOh59K3PFrrJ4Jt7nWLW7txfMYWEOQ8Z5PzLyvTZ6FgR0xWlzOxh/Dy61HUNDeC+BvbWIeXAzncYSeOOCeCCe3TPSuqsJLeS/Yy4gVwyRqQWVyh24eTqV3Y6fe24rC8C6JHp+izywSxXsd7cRLbsx2BG3OMkkcj7ucdia6i+S1GnJawymFNsSxypDuMasFVVbHJZSdx/3jUS7lQudPHq5H7uSM3avlYvLfJgV2UM3+z1+92BPrzoP4m0C/b+zltrdp3RhFbyRq4GF53E9Tg8knpmuIiS+tj58qXLb4VizDjY8pxnB6lTnr7+1WLWFdWuLS3urZlu0QHcgA2gqc5Jxu4H3hyGC5PPGcTRknj7wpZa3o63+mTW0s8CsY4YGJaTGfu5PCg/Lk/wAK/QDjPAN+1rqWLpZAbeMqEYHq3Usp7DLdOn611yQXOgXybnUQjaEfLB2THC57c846+mDg1k+LNDOozTazZyGaZnImjYDc7djx3wO/P4CqctbDS0PdP2fb8ahZXE8u3z/tEqqO4QuWB/XrXulviK3U8cDPPavkX9nfV5LHxcLSSRkSUEFG4+b3HUn0619Y286yQgnuO/aumm9DnqLU5L4iGW60x0kdbeCXIffxvHbPoOmTx+tfPnjS/dLiGJI/NmJCtJDE7MV7E8fKoAJHAHpjrXuXxGK3/nLPJGltEv37iQRwhs8E+v04/HOK8C1+1GpebFaGO4aCQs6MGA75yGwi9z8wLng8ZpTFA5rT4JIrYieaVzN80SLIHJyflyM7c5wcEnnHBqlrtpcebBdrc7hGpLiTn5gTlQMctzycY5AyeKr+Kbq3fUPskQgYINh8uNR9FXBOG6gnqfQdrV9BPHYWVm8s1rAA0oWV/wB1I4GMKuO2SSSR65HGcjU0Jb3bYwSsfOVRsdGgDKCOWP3QOvRV49c1lxyNfwzyvZ3NiAxMMSuWLFugAbJUkck544A9araTcpZ6lHptgyXNvu3tLcbowoH9wHG7OSR2PeqXi7UDZXA0/wA8RhJ2BiiccHO4kkcd+Tz26dKkDc0i3hHhO5zAtp500Um0DiRNxJXPUjgjJ44wK7WyujqnmamGAhjUO3bgAE4HbnBwPpXnkl1/xJbyIPy8S+Xv52lPmQDP94t/WtzS7m6t/h2LkZEsoXlT98sxGSOpyB+VRLU0irGp4YvFuL66YNshZmkl2r8xJIOM++AOfwrn/HxGp+IWubk4ij2KsRfIMzZCjPsMHn0NXPhol5aadeatcSGGCGbYoPzF3z8zdv8AP0rN/sy+8Sa9AlrGscUUhj/dxFTxt3MM8k843H1/Cmrobs0jptOsv7a0y2DxuLe14jMasQSvJJzweepOfSs3Wbux8L6cGs4GF7ISxL87AfXsOcdAMADvXWXS/wBn2RsrKT7PbwjfJIw+52wM9Sf6n158l1e6h1q9uI7aSd0WUNLLI2fMJb1z1PHGD0oWxLRoeEBqniDV9u6S4hDbpAXKRn2wT+QGTXba1bQQ6fHceUzOpEMEaQoUSQfXP58846Vy/hrUr5b2PTtKt2uAExNJyoTrkFhj3+vXJru/szmEPezF0h2yJEWLCFj3JI5JA7ZOf1a3CWqOL0bw9dvqUl1fWdkkTMAI/LR2fHQZU8YAPb8O9auueIpNJlGm2lskzuSRLKzARjHChTwMc8H2zjFXPE2vTWSrbQJHbZUDNsu3g/w8DjPc9cV5Ld3ZkvLh4p5HbeQ0sjlnc5O45PTPpnPr6VTZFuh1qWkWpZk1K+OzAbzjOFifp8vQcnHcn6cit0w6PH5aNeS2Sx4EUfmAvxyS2AMDPf8AOvL2vjIzKQpIUHcM5Bz7dPoKaJJWG1GJGP4SFz+dCuOx6fqDx6cjXUl3qKpcAJyq5cYOSJFP09AK5+xvtBE6pI1y4Q8kv5hY9Au5umDzk/nXNW+kapeCV4J5/seQpDThAf8AgIY/pxXXeFfBN9KBcTNCBE4+VXzjHsAc4HbOeasj1NqzuLuBPt9vlGiBDKrBto7cnjOOw5961vC2uQX9+32uSOMu4zG25fMOMHAAGar67FasfKlgjiDLthnt40Xe2Dxuz+efyrmri3ntmjv2JbawQEsVKYIwVbYRgjuT6007EuNz6E07f50P2SETXBk3yCWPOEAOE3M204B9jW1PcvJZlZTHM0xykaIEJKjDFhghugzg89q8KsPEevaMUCz3c0BUEtAA7DPqyqeo/lXoegeJrHUbNhaXwF267mEkgzEBjJGMZPB5/lWsWmYSg0berapZwa3a3Fzb71RP9U8JAQ5JDALuHr8pHcdaq2kNveXPl3spaFJNqvyGdieEAGcAbs++falv7i3SG1uXsZ5953s6OEyADnL4JU4wR34xUGkPfQ2qyrp4a5jCtIzPiNgV+Vs8/Mc802CsdnpdklvaPG0UDQMN0RDZJAzxgc5BBrK1HUINipZQHzZkVovLkZmf1JH3RjNVINUntsnfHOlwrCRUUl7cjorZ47+lTaS6Wt2Yp4Ex5ZMSxRhjIT6NnjBBBz19aBeps2ds0vh6Z764mhZ+p3fXaGUZ5BzxgVWJ1q6ttwuraJHQJCdm9mz0JLZ2k+n+FZ3iK+cabG0kUltGHDjDlmb0JGRxjp16c81WvbmK11cS6el88W1FiSYkEOCOeeuOc59fSkxo6KaytUs5LW7uZpiUAiDvhnx0UAckHOOOa5u6aa0vktoUKzoBNKsrYSMemM8sB/EeRipdVv7mK3S3uPJjnR28vPzkO3XBHU9eex4+lrQ9OjFk9zM4dyCkolO4n0LZG7nr0/h96l9kUtFdi6Nqdn5U95MnkFpfKKOrSKhBzlScjPOeta0N7d3hWS0ku5IhHhzgRklW6EfdyMnPOeRWHY6fc3Wp7riSOGztsZiVPNLnovA5I7k9uB9eouNRTTrXcsVurqSIVihYocHoVyACeQTnpzQthO3Q8P07QrL7HNf77hrOFkZrqaaOLeoJACMMZAyxyeegzUtxp95NGL8w7rENGzASCRmUrhUwJMrGqkkZxxzzgUyzF+pmnuYJ7hJW+0NP5IWMY4AGxVHHT+79K2dKuILyK40li1yrylJXRQyuAfl3hAN5TA+7g9iSM1judadtCrd2WrCyJtbyewjaVTI6TuPMVVBXK429c7e2QcDnNLoC6XDex2y3CPIrlbiO6kLB89CxTCbzkgZ4wOnr0uhfZLPQpNM1GJrpFZ4pTCQfl4Ktt4ZsEEYGfTpUen6cLLUf7KjxA4gVrZNzzLBIrDlgwVFOM8BvTI70WuO9kXNNtrSCSa7NnaurmOKVIo/LML/xKpPA4PABzzkEY48V+K/i6dNZtLHIvtPgjG4rKSQquwClmyGJA5LZJOe1df8AEDxFYyaktrZPdQwtIUluoZTmQqGyoyRkDPAHJ78CvDfGd/qjalNb7IVsisKb403KMAkJvA2g8k4HXA9KZDdjqtEENzr9rHq0kf8ApUH2kxIW+ZzuKxlF5JwNgUdDjAPStHxR4BhvL5dSWRLWCVB5QfBLgDO9ckjacn7xBIxgdq5jw1oP+hrrM2rRWgVmTzDuDQtjgnpjIJxyM4r07WLmSz0b7FcmKG4MMSKyAKuFRSXwOQOowepx1waNgSbep5ba6pZ2amxa2IvIlIjKBwVYAgg4POB/LNR2F3cy6hd3EIVsLgtIx2Djl9x5bkkjPOQOtNNjJc395LLKUklumPz7VXYwySv6Dir2rK+mWTLLCPskBCxtGvyMQSQNx4GARx6kelAGfqosX1rTLO1tD5jx77syu3luzEbcrxtP3u/Rq+i/hx4o8M+FdFhjvvEltHOflEZm+Xj+HJzz75/xr5F0+XU7rVZL+COZw5LMQcKcH7pLEA9Bxmu/sLqzlsPL1D7KZMkKskKuEIPpt569j+daxfKYvVn11B8UvDpk8hb5WYjOFIYL9eeKS6+IulIrjzwTkj34Gen0Br5Rg8YwWzRWtpHAQFIhVojk9jjIXr0wR2xUeo6nqN7CUuLlba1Me+B42+ZsDO32xg9KfONRR7D448dx6xYzJZ6xG3mgqESXhsH0+h/I/hXAaTpmk3E00kB/fm4AYSr1B+6Qe4Ix05HHpXnF1eORbxaJGm9nUINuS7c7j7euPxro9Dl1aH7POJbOFwu6NSC3mAjIxjoc8EcYxxS5rjsdePBkVxKz3i7I4flRs/w4IyMfwk/j1NPPw+tmucC7m5LbbksNyEoBvB9c+vvXLza74vCMkc8QY4PlZ4P3jn26dfX60WPiHxEluDLMLcq6KSJASBt5/Uj6Z+tHMgsdhr/gvT30SDyI2iup2DzO7YYHg4JHbgn8jUeoC00vTbOxg1GaOGFdqRxzlfnxzx7DvXKrrOv3t2Y5r7MnkeasRJAACkcn34x+J5yKrStpNnqQuNRJvJRFyWkIB42lseuf4fYUOQWPS9BvfDVvfLfRXLM9vHtcs+cnGXc578EDvg+lcR8T/FserWYsbSMeTBK+6QY3SMf8T+f5Vz1xrugpLGmm2jtNKX8zGTlmxj37/wA61dHspb3ws800CW3lwG4km4O45AVe2OAenYe4pJtjOW8NRXavb3b6k1rArGQIgYvknnj14969I1BrqfzptWur/eUibypWCeUCnJA6cMCMHH1FYPwksYkSW+v2L3FqTGsATLIwPzAgkfNjsa6+6tvtWomS3tVF7PGNmUWQcA46kbuCByOueua55PU3itDMawN3ZLbahewyXU6gKOWcEg7VJHT7oH6HBxjkbTSZNG8T6Pf3dytvBNK/2fAyEZQC2VX728PjPv7V6B8NtLuZNZuUvUWR54chZVAyyHOQRxnIGQcHH5VJ4g0BPEfwaimaCNNT065nKM4yQ6SYKg8YJGOO+Oc5zV7K5Fruxg63oszeJLs2ySWyW9lG+QoBGV4DA8kfKSeeMHmqvxUN3N8LbaVtkU0Lxl1UFWUYEYDDuQc8gDv616X8LfBd/reo2Wsak80klzYIh+fPyuoDA5xkKSw79B61ueN/gtcnw3caa95Obcy72OdxZN24rk88DcAfTGc4qlB2uS5a2PM72zi0rwb4Q1Cdo3jvriCG6kYZ25ViFwR0DHI/rWh4+0aW11CCS2QW9usQBcHDl1CgADqzEHjOMDnpXYeLfCR1zwNpXhqC5izY3VrgKpA/dEZP5bvzHpW38R7a00y3Gr32oWtpb20qyeZLL5Z3fL8uepyAvC44X3yJi01Ypqzuec6ZocsGg3UM0ZmjBLSTS/e3g7lCKRkgZIx657A1wFz8QtJttRVBbSyGNiZnDA5fqcdQRnPHQnB7CvXfANzqXim8v5/s8Ufh5lLm8+ZRMDkn5wwTHcqN3uSc1w1t4H8JXniW5020tPmhG9wDgAM2Ae/UngVnNJM0jqmYsPjyz1cRJPFxJKFYuuAzH+HPqAST68Y7VNqM7LHJ/ZbZt3YfLvyI+cckHg9K6b4g+B9PtvD1vHDAYhGAgZYiwBJBLEAZA6nnr36Vx1p4MvLVZDaXyRuV5hnBIwTwQ3Rcj+fSk4rqCb6G74Plk03xnZOD5MrSLl2PLDucd6+tdMuQunicksFTIJOfxr5L+FmiavJ4wtJL20QNBJhCIwUx6gkflgV9M39+tppknmusSKArSSjP5L3P14+vSuiktDCrueY/FeS/1i+iaW9e3tg7JEFXKx9MlMfek7FudueMHpweuPHoehRw2kiiGR2ijiuJnd2Y/eZY1HJyMFjjbjrXdeJ9XjtdSbVZDJdSBcJJKm9iMYIGMLxnoD9Oleaaoy6lqbXOpzahJIFAFnuBIySQSpZsevt1xRJ3FFM5+O1tLO4n1dUS3t1UFFVmZYWIA5MhIHbAIOfSodca6nsEuXskjnmVUhlCOS65JKkbRjA9O59AMU3iudX1aOw2OtlZSf6SkLFw7ZHUjAPI7elbd++ltmO2LvJMrCKy3lyMcbgCDs5x8ozUFnF293eWOuhbuOKFY0BjjZlKAM3T1/M9qopby33iGe/vrdRFaSb/ACSSu5QeAM+pAzn1rS1/T7ax1by3t7lLmVgHabHAGCzMMnHQ8DOMYzmptWmS0jnsokg89dkjzNHh8kcAZ7Y+bvgD2piJGle507eMSsLglY94fqCWYgdOenoPU13mkSxT+E42vFCJED9xOFZj1GenOMZ5615n4Via8uP7PhzKs8xVnDbQVAPPPQYDEnPfFdzql3badp9j95IoSGkiBJIOBw3ORx0PtWcl2NINdRfFd5dHyPDWkMqkQAyELjODgAY9SSa7uws7LTNPh02JjAI1UTT4+Y45OfUliT+PvXDeB1QXcmszo1xdXLJtSPd+5O4fMMjkDnA69/SuxOoCJpppFNtFGzRqCQM55boc8ZAJ/WpehaszkvihrAn0z7FFczxwk7SZMhXC9ScdTk4wB3FcJ4V01tZvjZwbBBnDSkEYyDwemOev0q7rN5ceKPEUVjaFPs0RyBsBMjdTyOuOOM16J4N0aw0qyDRRrLcFy807H5Q2BnaDx689fTFVdJE2uy3o2jDQ9Ni07Ti8RRAJpzGRvPO4qW7HJ5989hUXjPVm0uwBAO9uM5I59F9ecZOa1r2ZbCz+3Xr7GOTHG7Y4wOTyD0HfoM9zz5bqV1qfjHXmQQrLsxFHiXCLtwCcZI6c4HH6mpV3qN2Whztx/a2qXAjeacEkSuVkPC46nHtz/Su20Twhb3WmwTzX1y3mcSuxCR7Oyhm659ff8a6nR/D2kaRZbbuQTuyh5vOAG7IBGFGdoABOSOlJeeIrGPfBDPHJMR+7jLCRVBPQAhQCRz6461ZOhBZfDzSbVpJnMhkYZTezAAZ6cKB/PP8AOaz8LaHpspu54vMd2LZkcb39AMnI/wC+R9at2mteXYsfJRUYs42SlCB0LDjJPvjPGBWBrNxBLqEtzKY4EGDD5JLMOBzkglvqfpQ5WEk2al/qULCSzXSrh4UQkMtvHvH/AALjI9f1rn9Y8WNb6dkTzyunKwXe7KYJzhxj8Bg9+lWLq6JkR4b8lmjEhmI2txyRjkjGOuP0rGurv7TczuFFwqk5DzDd04YDCnA9eev5tSFymRqPie8ntRLBlHlbGyMlhJjvjOAc/wAW0dqqWXiC4B3Si58lUztbc/J6nnj8Mc+1d54c0i0eFZZ7e1UsNpVIkKPxgq3Qc565rZbwro9o8b2OmW3nuMYhJYIRngEEE49CAcevGaUricWjl9A1gyDekpt1UbiHSQoQMYzgcH6VebW7dbxJrW6soLgN87rEYpR6ggYGP9rn8K0NUihNtGHt2aS2GSkLurg98lQzDoe4B965HVL3w7dvE8lzOs0a8mZgAwJ42sOnOecfUVSJbPZvDmsQ6rpiWkl1ZZVcquwuGIz1ORnHrVqE3KxBUeNreKTarA7ULMSSZGGd45wcHuK8c0m+ewjm2RXbTAgb1xIgBPVgoUbffr9K7nwp4istSsms5reGCSNTvkh5CqoOdoPOfwz9a0UrmUoW2OvTWtMs70QfYnmCsyt+8YZ68bVGCM4HXIxn2qzp9zdWjabd21uIGmRo2iyVBySQwbJDHGM9Og460mkalp9p/ZkN1b3UdvLCUkdA2Q2eAuQW2kkHgA8kdKsypdXmjjzHgsLJiHtw0e6f5c+n3QAOowPpmmQRT3tpfeXZedcDUGkYSRXCFUj4yMDjg+g55p+iyzf2nbRxKJyrSeZcCQqgXqNsmOe4I7dO+KfYPcS2ZtzqSS2sryToWUZaTIOSxGQeT9CPxqWDTbL7SJtKjFs1u3zFiXaTcR8wX+HIySQSeelIemxpaZbaZZ280zm02JGA7TMXdm4wW64Kk5wMYyferlvdwm0W4+2sLeOMGWSPqckjbkj16AdR0JqEppdtFC6QMIyfLMCxEpMUJzuBHTjB7/hVR5ptWRZLTS5preGPZFbpMFJfOQ7KvJyD8vXj86L2Fua0epPFa3NxZC5njRPtEiKjqSAAGVZDjIAIbGOuaiN6l9MBa2ss8UKozKsm54+TnzWIyCSOAM8Vm3i6ja27XF/JDBGNqy7N3yqTz+7GMBeR0wevvU+n2ifZWintCltNcs0OYNkh44Xex3Ed8Y4+nNIdupwqXf8AaExiutIN28UbJaxQ429eojOOc99vODkVdv4UTTHGpwLDOwSANHKqYkOT8w645yVBA46Hmsu8ur688sNcB2ZUmjWZPL+UbgXyDyeeSxxg474NnQr692PHe6NFNcrGw226DDBRgE5YlVyTyAeoHfjGx1tmpolk2ntLf288csUzgGWWXdKxJAG1uoXGcAnBz2xXMfEnxPbrpUVzpN/HJIZnijmz5hj6fJn1wAMkfxHPNXda1nS9L0252T20FtLEsspS8OVYFiERCvXKkYJPXHHNeSCWbUL+K6ubiOG3nmLwwbjlQ5JJO05689TyaANbTNNm1mW81Fji2h+Vrq4DDypCOSEU5O0EfgTyM8S+J7aE2SaTA4vNNglVVlTO91QAqxJOSxIJ46DA6Cuonu30y2Km0tsrOfL8onc+V4kxklj1J/rjFYNwr/bpWUST26xJKskpXhQgYqOOQzN3OcA0rgc7p9hqU90IBLb20VrGstrJFzlgB8wI6sxOckYJOQcGtPXNRuCtnZLNJNPbosRn++qouSecZLcqCSODx6VJ4et01a1c3ErSKkyhdsip5S4+WM889xx0IB7cN1q9tXhlhsxBbvKxihRNg2jd82QPnGBk+jZ9aYjO0XTftNw13qV0gh8sCYAb2lfggcdyxBJ4GPrg8l8RJILRJbT+05riS4cybeiorEl8jpnhRkfTtXReP3TTNG+y2U7F4gkjfZ5SybjuzgnqMHH4ZrzXRWkv7+W/mZSFwMMobPoOQR/h61UTObtobGgabcXWirI8sdrBuIWTystjrnccgDr0GavPFosE8ebi4uuCJQ8wUGTsQCMAfXt36ike/ltpnw6lzCAqRIOBnBwFH6UaZoiykNrNurlzvTy38zcnYZUnafbGaolDo5pZLqWPRNOR2iBZpF6D1+b+ROPTFbOj6NbkPe6pqK3LL90KmPmznG3Pyn3xzzVO1udP0GzeayYwySqQ26UOj44AUMMEj9P1rnPEGuSSXEklsxQsQGlibAbH4DJFAzrb65MFw0sMtsIyMHa2wnd2JOORj7w/XOapXfiC3t4QIpmbbhgA5GD37c8muLSXUb2VcvM+SCzKPu89sVt2Xg6e8k/d3AW3ZlAkl+VufQEc9M549OKQ7mjL4js5EEhuXdyzeaSPmcE55z169faq0Pibz2RTDI4CkNIF5A7j0wRjr1q7D4OsYpkmknjnjJDvEhOFX6447nv2Bq9cwW+lWphsYA5fduO3gDPIH+H+NIepfisL6/fHmwojqpDAEhASCFz6fxfmKpS+D1nuElnnLmT76BvuDjLf7XfiqgutavLnEE8Plg45OCx4HJ/z7VeurW/kt1DXsk86k8I4ES+mD3GPQ4+tAy34Y0awt1fVNTu0hcqFXYuSARyuO5PT8aj8U+LrdZYLGwTbH5yqUTqyLyV4GADyAPeqCaNdyW4WaXDMfuMDuX0DOB04xgdz7Cq1p4LtTeeZc6h5YV8k7c8+nt/P6U7iKlxoeraj4juV0SeRGOPmDY8xBjaQe/G3r9a7/wCEujeJ9M8RINdum+ykbV8wlm3DoBznH+eKbYvY6Xf2ur20mLq3Ro54SgZp0OT8q5G4qM8Y5BOM8Cult9V1DV7q2vdN+zG3jXIaRfklX1XA4I7jPHWsqmjujWmtHc7DTb/Q7fVFk1G/s4XEm/y7lkVHwSPMG4fK2OM5xz25B19S0vSPsl7JoM1vMt5J588Ec6spc4y6nJxnAPoTzWJo2vWrwGLX/DvhrUoyAhzAkkky9zu5zjryOvFOvPAnw38QWU8nhrw+vhzWYhmG5to2gIcDPy87cDGDxjtzSqO6HTXvWPXvgOEOgmOSBont5GRFkAyqnkD6d+/p2r0jUoI57donQEEYPvXif7OnifVNQ+2aH4gWNdc08qLpkAAlTJCSEfwk4Ix6gkV7YJvMyu0jHXiuim7wRhUjabR4h8VxD8PfDd5rxnZrnIisINufOlY4jjH4kfQZrmvDPwN/t9LXxX8StR1LxJqDR/aVsGO2zhZuWUIpyccDrzj0rvPjT4A1jx1rvh2GCeH+zbC4kluo5GwzblwrIemV9K9cgtlt9MhttmNiBfl6dKhUrSZbqe6u582fEA6zqFqdLjhfS9OhOFt4j5KCNem5wcAdPlABPas3wJ4Yit7eS6tR5zSSvKZ8nBc8A8gMSOQPTsM9PetY8LaXNdJdSKfMjztySwz64PBPv2rIvrKRRsNykaYKqduGP4AfoKUqd3cFU0seXz6DbRWclnqcEtx5jmUKp3O7d8kgc/XAHbnmql7Hbultp8eky+bI2yNWibYvv2z9SSPc9/S9G8I6VbTtcsn2q5fky3OWYf7qn7v4DNbCWdlBIG2Kz5yB2Hp9TVqmrakuo76HG6H4Nh0hv7WkMQlWI5VU+VT3I7j9PpXAeOdXv9avVXTkuZxbqTCgWREVu8mNmM9gSTx+des/EPVEsPD0qm5EBkGwNgE8/wC9gE14LdFLW3uZrqYzzuwYBiqGQHsjDCgZ7nPFOWisTHV3MS9v5beeP+1zLdXrqGZBO04UdFxgnByem7A9BXLaluOpPZ22xpZ5cTSmYxxhj/Dg4ZhwCRuI4963LdreE3V5eWpELk7/ADlEzRgj/ZbByTxwQc9OK5O88TvfyyPoGnSIqDY7tCZGdV5Bwc5YY6YwPfrWRotC9f2X9heGrmG0u7maeVt+8QALv9cA4IwDyc8CqvhyfTtL0+W9sZbq5v7hRumY/Or5HzsTwMZwATyT6CsqfSfEHiSUNBFcpb4LXM80RA2YyST36HgDv+FKNRg0wXGlWNoLoPGrfaRMHeQkdR/dx6c9OfQuwrlCWC6e4vr+8gdXi3zJHPkyYOcllByc/l+FZlrdTeRDCyhpZ5PNLsdzBVH3VIzx7ew9K3vDksUFldremB9rOrZVZT93bk9NwBb16+4wUstNZpU2HbCOJPLkTkEZUH0x1PBz6VSIZqeALSGWWF2hWHy40Ds0eCQPmZt3qTgY69cd63ntbnxJqscMC7LOKQSSSDo4Q9SD1z2HPP41vWWk2VvpMdvIrKZofImaSTLbueAQeGHBGe2DnvVPXbuPSbWTy2UW8ClWUkBwSeQMdMsen1HOKzla9zWO1iayng0S3+0P5cUkgPmLwxUKSV2+vcntz6cVxmp6vc+KbySxsQEhUl5nVTubsR9P/r1Qnu7rXNSNo0hjjclFABL4HUgdMc4//VXb+FvDKaYyPcX6tPsGHUhMk8ke2P1BqbPdlp9Ea/h6xs9AsbeKIKZZY8EtCH+91J79QeeO3XFQ3+u2mjvJ9p8mS7iVkaQ5YRgEj0+XJ7989am1DUoQjx2w23ZRQS3zBOO4xzwSe/WuP1y3ubu6cCFtsyCVAzg9SAPlHrnqfQ0JXBsxPFWu3mrztDcXbiNWOSSCZCecg9l6nA9K0vBUWq28kMlvG1vYkAx4AG8EjhueM5zgfjUln4YtEuftFwwMyOFyRiIcLllUduoGf8K6a0vIbYmC0t8LFkLJuOzphmPv14B9h6020gSb1K/iAiTTpAvmagcMyRSuSqOOvHGT2yQAOmRXN+DNL1V7gvcWkdnAjZDPCXCAcHaT1xn0NdHdaxppWa2giEkSZky7NsYjJAKBTu5wcEYz71xuq+LbuJZYrGOANE4AEMbIqk9DkH3PGeuKNydUztpdMSF4/tLXhnj53SztFlezIVXrwOfauF8U619iuZbaylaF9oDjBGRnJ4IyOec+9ZK3GvXzxiSG9lIPzbIyMjoc4H41pWGk6vcXEnmWMcjecMu8ZDN23ZHPpxg9cmmooV2YKa5fO21dzMxwBsLA+oFdN4Iu5tQu/P1CSaZ4hgb5SABnpz0A/rW4mhadvjK2ZWI/fkim8wMx6cHgnrkYHf0rSsIbPRIBMsEkYEgjEjQlc5GOCB0PTJ/EUMIvW508dzp9tcGxlube0i2KRElyGEncdVz9Oh44rI17U/sCy6jHBHbyYAjjjfGB2JO0rt6Z5OM8VQv9bgtUink2pAZCiqLcSJjGMgnOOc5BB5zyKytSaG7aOdHNwjMQjCXbHvHUbckcdQO49ezQNmJrOt6nFObwxXKiSU/KzOVPYjJ44wORj0qHR7SHU5mlkt1HmtujCzZjDdwQcnnrnNdSpsZFjXU9OuJuFU/ZpVKrj05P5Ef41Uj0SKbVBeQTpDbBvkaacwyAHoA4GMj+71607k2NvRtKs9KLOLa3tovLEigiQuT6p0Oc+hGB3rA1YajpGqtqsatHBctl2yuGDf38MeTj0B9zSeI7u20ub7PbahNa3C4wCXO7nkZKg/qf5VFpXia9Vbj7PcXTllJmhZSdwJzkEHjA5IP1zQnYGk0ejeEta/tSxjWciR4ziJUg+cexbPbrjgcDrXoWnLJJaiJHuCUKrzIPlBHqvbgA9SK8O8L6tHp2sSi6gERkA8oCIKQpAIOcg5wR0bp2NeraPPdS7HtWG9lZVjVTE7PtOSc8g8emDyPSt4u6OeaszqzqNvDZyLNKzyMpdTCCGcdNpK4+Uc8ZzgZpiXj2lhZw7VshEcFbdgGCZx0xkngcZJz681SlsDPY/LC8jgFAzzEsOdu0dsfNwCMn3pljZywqI71pVmx5cDeZuEWGz94gA89/yzQSrWNIajC11ckCOW/Vg4CnIIUc7ieMD055H41NHz9nSJIUaSXd5zAB5kJ/h+b5mK9uOc0l1Z6DcLKn7vzQ53Pt2F2OOdx9fqc4OMVpw7WEsbWsW+2IMSInyKM5yT125A79cdqLMAlGmwyRwTLPDk4cllmyq9QcnoAfTueKrWADlrhNahtyWYkRMXYHhVITkKDg46cGte0je1Wa5e3tokPIlCAOSDyoIHcDP+cVn6PDHCzfaobYEoxk7MSDhQcnBGMDp154FFgvY4XTdMvbBjm72wyRBpElBZHXAJ2OwOeCcgLxgn0qnrd9Y6HbSTwwC2vJ7oM0R3AGIgjd1wg+YHjrwSD2r3V/Lviezurgy3Kv5dwOiAdWPIwT93HAwe4NcBaTaZcWsiXMyreSzMssjqdiktleRwDgHqMDOOO2Gx2I5/xHJeXtxcRTo/l3EnnrsB8t0x99RkZ5yR9eldRomi6Ld3Usdw88enWUSGOfJQSO2MKOueMnjjj61k3Woaai/wBkXE0mbRGxG0Qw7sw4UgZRsFuWPT8BXT6sf7K0p7C3xLMsCF0ZjtKjAIOAN4z0xg/KcnmpsC1NPUZizxRXxLWkahhhncOMhTgj7oGcDn+9kisbxPfi0u0srVoJLm42xx714hBXGcEnJyQTn9KkW4iTQLcWd5G13dwlZ9pBSNAcsGBHy4ODgZJIOfSuO8TNZ+HtLnvzJLceeFWGWRhm4XdnfjHQ4J7EYp8ttyee+xuT3FlYs8N68Eoa1bhomBlkxtDfKRuwehxkADmsXVtahtxaXWn2VuxaAoEm3HcARzliW4PPX865261t9flsINHjla7zhoioEarkZHPfCqSe5PtWV48vZbCzWyEwN5cSOZ3BAZUX5QgA+6p5+uPemldg5WRla3rFzf6hdRK6Ksg8oiMfKAMfKv5AVYjvhpFmLdGDXL4LBGxsYHIHHXHoc81zVo/l8qCWrpNEs51uQ8kwSNwhcZGxlJ6MRkj6AVdrGO5oeG7O5vro6rews6CXzMvDmIYHc9M+g+nrTvEeuW8KSw2auZ5ZcvI4UYHHHynueoGB9e1LXtSfYbfzFT5iMImwgEZz0wDjj+lP0HTbWK1iupNk8zKWIG4qF6AZwBnnoCx+lBRHaWWoaxBGzTvHBFwrLCAqk9sDknPfmt/Q/DtrAri4VbkHJQMCylh35IGSM98flUEepWmmzBbx2geFjiMxEhl7YxzkH1PA9axta1u5ukEUHyROASQ4LN16+h6ZFA1Y6u8v9E02N2jhhLggqYj82SBwegx2xj1NVpdckuYfIidSiEgsOAvTOCeo5PI/u+4rnfDlnDeXiG5gmuTvUMEfavptJ/rXXW9rDZW3mlUDSyssMShdxfIBHfC4bpUlJmYNXu7u4a0sZli2LzOxyNuec54xz/8ArzVqPT0+zJdT3jO44ZVcgGTcAxX25Ge3brVmOfT9Mt3F1LCqMSJlW3wwcH7oPBYg5Iyw6D6VzF3r9zqFy8UEczgkiCJpflQY4yOB78Yz365p2C5qXV9bW5eJrgKsTHc0ecnrgAY7e55z1xUOk+ILi81CC3giiidmC57EY7+tZV1oOuyXEcFzayLcEAJFsGXJJJ6dTzn8a3vDHh17O5lvbmP/AFABVBknnjB9O5/Diiwrs2pNP8SMfMOpLHvUPFhOFbsMY5z6jNNtfD+qSQmGTXZI5JFKBIT8pbuCeCOo4HP58beoTJaKiQ3DXUYh4KHvj5weM7geMjjgYPFcdq+tCS9WKSZkiLoJHQ/Mv4Z5H9aRTsbcWg+GdHYHU9ZeS5AG9hId24kDHHpjvn1rpNJ8RaPFOF0rUJIZHkGAzFYn9c8c4POcAn1rloNKt7u7ksbW+Epfa0c8luf3g659R04PFaVl4GWzuI70avIk24JG0pGPXd2JHbHr3pis0dTdaVq+qXCP5UQVjnMcrIrZPR8Ybafqc5r6K+EvgW1tNHhaZla48wSvIr+Yc+zON3581856Nqeo+Hngh1yzS6sEG8XcFyW8vPHzA4KnjH3hjpntX1T8Ktf0fV9Bt7rSbpzG6j93MxBB7gBuR9OfYmqhBClNs27DwlouiatNf2sIFze7VmmYAswXOATjnqa2ZbjNytumVHrjoKqeKZjHpLXIYAxcn14rMtb43Q80yeWrJgDuO+frTk7aIqEebU3AwW9Rc7wTkj+79K1mI28nj2rynxX4xh0DXtJtIpkmu7+4WGO33c7SeZD3CqM89zgd69RR8RKc5fbnrwKUXfQVWm42uVL1H2g5IJ6KBlj/AJ/CuM1RHjv3QY3/AMOB8x+gGT+Qx7120sU8xKxAqG4Mj9//AK3t3p2naZZaeHaGIGWQ5eVvvN/9b2FVYyPOrm18QyhlgsZY4z/EwIB+o/xJqlDaaukpASV3PBYRn/P5mvWJFDdhj1qpLAj8YH5VXJcLnzR8W4NVvr9baK2upGtxx5YKjJGTyPwyR2ryS4N4l2hvreJ7DbteEorBpOMMS3H4delfb1/oVtcwSxNHH5cqkOAuS2e5rzfW/hRYy3JuoHRZA25SYseUAABsQcZ688dTUuncpTsfKd+9tqKsLy5kjsR8sEAZQHUHGJCcbzx90YA569r0dzEtr9mihAstyCOXaGUAHJATjgcc49qs/Ezwpf8AhK1kv4be5kLTPBBjleHGNvQnHp9ccYrzyztvF95G0ySSWojywct84A5JH5ng9zj0rFwaNFJHd61eWt/aTW7yW6GYu3nwqSxP8QPRgCMHgbR7ZzXNSQ6To1r51vbB7+RPM898uSc9chhgdOoGMnGaq6PFc2dyFubi0kmcDEu87w2OFIBIA288itCe4trmT7LYanI1x5nl/u13Bjg5Kg5yOOh64HA4oQPXUyIZr7UVEiWzQ2cjkqynczKOSijGOT0xgnHqa9OtvDTaT4ZeWdnuBLEJFVeAykhi8eckENnK84yfasv4U+EoL/V7ONo3fDqJnQj5SCCCFwCOh/8A1jA7P4/T2uI9LimnMDEBjAf9Tj+PA/z9K02VyN2cZBHd3+0x3zrBbzBxl9pXA4OMdup7/wAqi12yGrWCpMY0cg4yTzgZLBsdcHP5+9QzTHSrJUeIKqtvleIhhJuwCWPUHPIz+gORl3VwzambW3uokgdPNRlJYMueq56++Dkc8dax3Nr2LdpYaZp0y3EMnnbSFVd+NmcAEdxjCg9icdMmtRNQvNRljt4IHWSOX58oVd/mw3Tp90g9cDtyKy10/wAgrfCaJ4wTGYXJYup6ZHQE+nsK1NFsJnsfNvHW1h8r/WEEyDDcbs/OOTj6H06gItA2EKtcahC0UzkqxTHyd8n8ev4VjXnijSbTL2HnmRXyN2MICMjaD1wRnnuc1d1j+ylnSGe7M3nks8kkuYlJUhsH+HnBHrk59s02WlS3BDW0TqyDPlyAvIOcncenY4x6UhryOd1fUr7UneaBJFjUdHbueMdu3f8ACoYTqd0htbaOd923JPbOK7rRdK0mO5E0ZhByoAK7tzYwA7HA7H0A96047eytb5p7K9gUM2JEZ1z7sD0B6fhSuCTMHRvDkC2UP27z7wnKuPupgnhR6D1JyPatOz8O2EcqFWtAg+SIsGZtuScbgPXuAOOxxTtc8T6dp1q0c825Mp+6GGUkAnoOhwQPYH6Csufx5oks0sUImeKUEk7cA49Rj73uMnp16UK424nQwLGqtFcae7IxDExXX3iowAQ3YfTGOas3QnWCKKBHttoJcyqrsyrgltxHQDPHYZ57jiZ/H80k4jt186KWI5CKcqQMge/ReRx1GMjFEPjLVrhP9AtApkVsHb8yHJJ5B6Y74HXvTsxXTLetwXcskV5AqW9wJt6SxQKqsOM7zjkdOpPX15qvqekazqrGAzJBcKzqT5/DKcbV3bSQAecEn61k3Gra5uMcd86BuYIoAH69FBBwD+ffis6/vPEwhtrn7XsleYiO3jUqxz3zjH45qo6Ey2LVh4J1BbhrSco8jMS+0k+YAM8fLng5yfzqjf6Dd2sqrbXO+MqN4HyDIGcNtGM+5Jx61Lp+t+JGYyW8CZkb95wcOAPTPGOeQa6rwjp+sW1y05jtVkkBcxXMRjUg9eV5HXrVN2JUblB9cj0rRFty86vIu2QqyyJKePlVlOQACeG9vQVn2/i+/kjeK2tbSdIcFBOp3bMHK/eBbr0yeg9BXRaxpMXiG8+zXMVrbzyFh9oOWZNvON4IHHbjpXP6d4Xv9L1NmyJooJApkR1BJPOVYkZ6H1Pal6B6lWK91G9uT9lUrtJBWLKuY2HzDnv0z9Pc5LTRru0gS8tZzG4AdSxIZSDg5x6Hoff8+sgvYIE+1yWlrPEw2HblplY/LkHG7ByOx/pUV5c2lnc2sttFK3nkpIRtZQCOTkdc9CGwTQ7seiMy5a9jvrdbmDfcRhS8sSKGYdy/UbgCcPjkYz6n1jwnfG+MEbSSzFSShC5YnH8XpxjjJFeT3Kw3BTyXjlkVv3fms3l5/h2gdCQACOxAxnJFdF4N17U7Se6k+1CKTeqyQkluRgAMxOcfX0q6bszOqrrQ9WuNQaObyo53kzGpd3XLbVPygHgNyeSOVxWlqOoXUy2qwLc7XkPEqj5ZMHYDn72eT9AO9crY3xngRUcSKud0ksmQhOAy57jdt9TjHNdNFLbiOR5JPPeNhvjkf5Q+eiY+bjrgH09K1Oc29NjlvoDPD5S+Y5bypskLgYbIGcAntkduK1kmja22lrdboMSI4n2ux4BUZ4z0rlfD8t3eX8lrHcXENtITLCm/JYNhQDjgYGTz14NbkNhGtu9wN10zltk8crb3BOMbSQq846DsBRuD0EjmjMLeVqSNcRkZt5Yzg5AJIPfGRzyDj1qygkTck8LXMi4kkaNtyyDnGMngjrnBHFJpMNpbRLFLKUd5DLHazJycEgrwMnpkdulWljR/PS1dGWRyXjB8xRyT1ByrZwOG9TTFofM2r/E4XECBNFSC4LfKXOAvGD8w68Y/ziuRF0z6lFgxPHKzStG4bY7EZIZR1HH5d6v2FlY3bzTygkPIwWHzCNoAwDjBwMjueeKt3nhq7s9FXUpboLFuMsMJGVdfU5xkj/Z7Z9DXNY6+bWxjWMFzcXkSJZRJ+9G9pZWADFs4wMjjr17da6/VPEKXjeTaaJJcOpUW32lztiBX72M4POWUdBXMfaJGsYophJDCThUtVBkOVPz8sO56E4GScDAFdLFPpNwyW1lbSw2svDtLtEjyDHJdRhR0PXr65NJrS5V3cxrjVZtM0m1tLG6W5aYPuaPMb57q4HIHIPuK5vxXp1xda5Ba5mn8xlVTJyZGKjcRj+Q6cCun8b6XZ2niZmTU4pkNokgYIf3ZZWOABx/wLv8AWsGfxLb6XfW0QjtbnybYtvY7Qsh5Z/dgAOOD9DTJ2JtFsbbRiZr0tDbb3ikkKgRvtDfKW7HAOe/zDFeb+J79NT167vIlVInkPlKoIAUcDGeenrVjxF4gvdUu5yJ5VtpGz5ZOAeMZIHGaxR1rSKsZydzQsINx3742A5MZPWty61ESQbbfbHO+E8wPtAUADPHT0Fc9abmlCYLbv4eefbitNStkjl9xmbCoQPunJyRnoQRQJGjbxRRW/wA21jLt2y+UWbB6/Lnrn8+/FXpbuS6kR4LaZNy/IyruckdSMe4xxkjPasWXUXW4hRtxdiPNZ5C273yc44//AFda054boTxRR/urcDIKFiNqZxlmPIPJ5/8ArUFIypmuL65y8YjDY3kgZOOOB1H07nmtW0s7e3fF0AzFMoBggnsvXv8AXNPjnFncGVboPLF5nKsvUrnI7Y5B9ye2KzUE+sahgLkrHwSoI3DkZ9z0/QCkxpmqNWnieRLe0EcYQhYyA4Un7rL2z05OfzxWpBaXEYiupDPcGZW2I3z7epYN6DnOcjGOe1XtMsItMhvGuFkuDwsrvwPMAPygdMhuB2+vSrN7rdros0080cVw88LqkHIbcwByox8o3N3H8OKQzAXT9S1KTZM6RQxKNsn3NoyWIAOScgnk+nWtnSLOz06BZltljSIEjC7mYE4BkHQE8cE8DGRzWPZXOqXEhuHt5E819/EhAHGMd8DOPfj3q5f3l9Z6arzEx3EzHCbiTJ97JPc5B+g4oGaTauN00CXESPMwXfIdgLNwMnjHUZJ46ZIFY2t6nc2entaNOy3ck58wDKkIBypA4xuJ49QeTXL77y7mdDszuJMTKODkDvz26f4mtbw94bvNTvXubyQJFGw8zao5GOAMcc+1CFdtkdlJr19csdNgdPlB3jP7vPUrnoeucZ4J9TXXaf4astOhge7eOaZxvcqNzfX5v4uRwfUYrY02y8pVhtLiWCKJd+xSFl25I+U5zgnA7YGea4/xdrqx3cllbLKjAncr8lPUkg4PIwOOlA7WOtsddt9Ltpg8rLmErHJGyhsA/wAQz07Z9T7Vhan4vSKBo7a8vrg4DFUcBeuQC3XhsY4rjtLhudTkPnySeQhxuJAwT6Z6n2rsLLRrCJBDCvnqzna0kR2swHI9T24I9OeaA1ZU0Dxr4pKy21pJNK75xIzBmIPUNx83H48V6x8OvFGoeGnaVLyxiMuJHtpZGKnBALAc7T2zwM1wktrDpdqZFUKxyPm2AKPQDccN6HisOxW+1nxHHZSXrJZGXBEL+aeWDYHq2Ac8Y4pq5LPs3RviZpWt6RNYa55UUbW+ZX80OpB7cc9P85rC06z8RrcLa+HNeudXsLj/AI94byNVlhGfvbwAzKB/eyenfrd+C3gWwHgu3utRsl+13RLhTyYVDHau7qSARk+tet6Do9jprFreCON3UAvgbio6D6e1aOKe46dV03eJzfhb4XabbapLr2sgXWqXKp5rcgDZjHOc8YHTgfnXpEUaKoB5+tRw+v8AM0525wDmmopbEzqSqO8mSMc9D+VRk9epx60M+OMjmmfNkEunsMZoIFY/JyCR+FQqysfkYH8akKqfvnf7Gk2pjKxg4+lMAUEd8n6VXuoy3RV+lThyTjyiPxBocMR1FAHhH7Tdlq0vhT/iT2NlLMCcmc5Ma9yowc844GO+TXyRFcRpf51yxeKNH2GdHAj3e6Fh37H8+lfo9qMCXNs8UiblI57V8w/H/wADJplz/alo0RiuMRCOZRDtkJ42ui4yTj73B46VM43Vyoux866/o+mzeXcWsb2eSQTCv32XPG3genQA80/StJW3uITaruLDDLniXgkbTjnkdc98Edax/EM2o6T4he0u52uIyFIGNvQ5wccZHQ4/+tXVfCeztbjxGdOuIHhifawcksCGbBx6HGentWViuY9e+Atk1hpV7rt5vChiqu3V12g5/n6dAOcCsPxranUb9tSs9adJMkbEUkSc5Izj9MEV3N7FZaLp402C4jtom+e5kQEbmIABGOeg5BFcZNFbX10BBPefZvlzLFOY0Zh6Ke/uBn3xRN9Cop7nA3hkvLpYJo/s0SO3nTCby/M6cEcAgY7A4NbHh22vZLqIW9ugthJuVjtfHbOR8wIx1weOp710mqWem6enm2Yht4nDCR5wvynHQqOp9yeM5INRaXGbDS4iES08xt3mQAbCuRnOCcH9ai9jS1xbvTNNWOS6truJdnyTAxfMDnnGO/09sZrLvbS2uYAftN5OThWmbA3oMnbjjuR9cdasX99ZxCaeLbdxkANGrZxg56nODjv61majrLTaXHb6dHI0sq4jU8sSP4c+9Zud9jRQtuYzJGb92udN3hW8tUDZDHOCrKOe4z+frVKTTNPRfknk0+8UMV3Sclif4gMgKOmc9Ox61VXV7611P7X9kkdyxJ+YhmUg89fXP1rWsmsbrZctLFAkn3iJAGUHgbh19vy6Vd7EWGwWkjTKBqlldW8b7QjjAmznLBgOCTnH4e9MutEkuGBh1xYo842DzHx19s4GB6/QVq3lhqjWSNY6gdVg2+adseSIwc5OSA2COeBgd/Xnbyx1qfUpr64tbi3i35klj+aJckf3TlV5weT1/GnykXJJ/A0AgW4udTbazESHZx9Q2eR+Hr1ptv4ctLGZI1FtJIUPmpOQQwJ+9nBA/PIJ69cVL3RtfvdkkcWqtCoO0eWXQAHB6nIA46+/NSQ+EtRnEW+4vGCg4SQ4cH6A5I9/age5pW8Ol6fFNuvMxMmGCoCVbacAFsEZAOR7d+16316FRtlkt3mgdAglUF2yMcgZLLgYPU9Bmr+maNpWhf8AH3J5MiACIzQso3Dgjcwx09/oeas6lbaTeosBtX2gfNLGqogyCd2QM/T/ACaAOO1LxDbWjr/ZNnZ7snAePIQnsRwcgYweehq//wAJDr9rYRxw6fFNBuWWX5NuX6Eqx5IOR6Y7d837Dw3pbx+baX6urxF/Id/mfBxt+Q5BBz249OtaUtnfRr9mmeMtGVZ1kAZI1AwFLDHPT5uuO1AWT6nI3PjE2t2jQWMFvdIQGSWFHdTzldxxkHqDn2xkCtO48a3V1FHdSko2WWUwjy3gIGdrKOGG0bhnrz1rX1aOyvNNi0yeytkNzu8toX4VBgnZgAucfUdeDwRz0vhfTkVBLbxBnUlmLMqrz1yPukcYycEex4onqOs/FE1xcTW2oXgQuFjM0qhI3JzgEj5QcYYHjOMj0rKvNehiuTLvmkuYMgl3TDDp/DwfY/Q4rR1HwhKYppkucQlUhCxuGZlz8qkdWB7Eew5rJsPCUkxdpZliSNN20RlZF5/unB4PX+ooFYmtby5vle1iupykrZDGER4Gc8Ek898Ejv7Gk1CyuI4VtUCXryD5w7lfm5wMEjJz6Z+tb+haa8TrsmSWBkKvD5eJCvYcfx4zj17dabrWnRx73tdQyYygZUAjY55j3KVxnqME547jFIZhaEpg82KaCMTbSkkMzkHHPDAjge+atvdSxaogmhNtKu0PvKsAARtYH0x9O1Wria8SJZL6M/asK0bc5defkYFQQeuDn8+lc7JJOsyxbZBlSNxJJUZ5DAjA9yvGeaadiWevaHqct6i2Fxb+eJH3rGxC545YE4z35rptKu1isgZoQIIogoRSAWYvycjoQexHbBzXnfhG+uNsVvbs5RAD5StnJ6Z6Zz6Y4/M10unySW9t5RmilXLGL98uS2RnBI5+bGQcevrW1zFxO50sxR6PHOLqwnmcjdGJFUs2cICmQVJxyT0Gc+tas1/cpPchpcLbzMgjMgKhc5+fDAnA43DPpxXIaMJJrhI0x55Do3BjlDYA2EEnOPmzxk9Twa2ZGeaxtmXmJUd98LggkEBmBxlB04+nei4rG1o9zv1AO+q2sEIdkMCFixcHBBI+6Dnhs/zzWnNq2nfbYIrR0xGrIUkDIiH3JXl920ADOeecVhaTq10ZY7t3SG506OTIjtBIFTpk5PJ9Dnv0zUEt8t0kdoLSebU5rj/XSssm1d3Lhhx1yMYIGO1O4mjzG30jTrKwkg8jEoljmKoQTCCckMe4x09/bBrb8daVD/wisH2Zmlu1lUPDI+CkTZAVgB7rzx9O9VvD9tp155yXU6G4wRGfMyg3EAEfNxhR1x6Doa63xfbNF4YttMuJF+1TqbgMZmKqAAMBc/MTlR2AJJyanluh81pXPFLSPStM1BrOa4WeZ5gm7eVQJtfOeM9dvOfwNbNhLpWmaTf3sds1zHaJ5jSOm5XYcZK8HJz9B361nRPpXhvW7qTXYfNcwhvKUj5ZQ3O45Oeh+XBzXFrrmra3G9ld3htNPkn82SCJdobnjJ7nHr0rD1On0M3VdbkvNWk1W/EiWsrfuoSd2AowAPoD9BmuTuZPtNxJMECb2ztHQVe177RLq8scsm9EJERA42nkYqOOzPl7xgqCA3tVqyM3dmeYzTCMGtNrcnheaqyxBTyPy71SZNizpzRxGKVN7Oh3OAMAYIwM1Yt5/Kl33bI4UHl/nxkZ/r9fpVGCYRxYTcJOcn0FadhaxzLHHNM0UiKCAy5JDYI/Q5oGhuj7LzVE+1xGSFmBYltiLzgEkY4HPGR9a6PxhrBhuRFp8kltGgR4UWMJuBUjcVPReFwpzxyckiobKzSLUorbAmkMsUYQsSrYLbicYHHHfAz61Hq2nCW+he6mVkmy+8jbkbyvAAz26kdsDpmgLGXZ6dPeyO0rFVZjI4dwW6HBPfOT1967bRNItPsxkeeUvHbbtkRxsywwwb2XI9Sfzpuk2lndTNLBcwwWWQsyRq38Dckk8gHIPvj2qDX9Thjga3iSAGQCTcmR5f8ABgHrjqTzzntQUhni3VILKzGkaeIwqdfKfLKxIK5Pc47dizfSqvhbRrg3ym/AfbJvdSwJJAJxuOefz61j6Bayanr8Fk4j2JPvkdkySAcksw5Oew969HtpIYLO1fT2VryW4ZASgJRME+YpHHAGP88JjRV1rdEgtoVQEHLmPLLHx93GOT2/4DmodF02B7dXuGEMmTO7Mo+bkgEn+Hg8D8s9m3kgV4WtysCTqxEjvkEBFOD26HJP4A8Vgyakbm/a4XVHnt0iDTeWu0kcKEOevX8vxqUimzr00vSbVJDaAytKQBMyEAkjjnGCcnvxwe9S3VzpOiRJBFcs1+zBmiG0kNtxkjGAB12+n1zXHP4qkCzm3hcM4PlxI+BGcDaQPYjJqt4b09b5ptWvrdngJGFDZ3t0IPOcnk0WDm7GhrOpSXenw2elSXEkhIEknPlnuTkj1zxz9arHS7Oxjje+jnnm8kEoU4PHGDjGABx9K2ka2fw81ztktoNpWJZH46nIAGOSQBxnHFZkdrPqaMoVn8wB84C42jHB9OaYmhmlXKXASRIYlVdwGyFRk8dQANvHfk1qavqMOk2kos7ZoZnQKsjzDKkYPyrjjjjBJPU4qgh0rTFke3bckafOW6M3YcdsjHUevPSudn1C4vrmae8nlkMoMbJ98sOwyx4xxj6UbibsTLf3uoj7CgnmhbkxbuM9dxwOcc9c16r+zn4djTxmmqaiE8tELI8kihGUjsD+IHpg9K4PwrptzZxyXdxZxZI2BHfEmD/EB0xx3/Cuw1DU7mzs1jsr4wW0qGQpbhI4Yx2O/mQjjqFBznkVSEz7GsvGGgWRiimvIIi6jYC427e2MV1tjrNldhHgnQxsOGPGfpX5taVqWvTaw18uoMyjjz5NxUY4yN2TgV7h8L/HmvLqXkXFzPeIg5n2ZIX/AGSAOCeMH8M9arnEon2bauJBuBJFSnDcMqkV5t4e8faPc2ymW7iRAcbnmGCenrXd6ffW13CstpKsqkdUcMKokvb/AJsDBx2UUpK/xJ/KooXLHDnke4/pU24DjINAhpCjoo/XNJuwp/1gHr2pRhgSAuPakz75HQ8cigCsXcOSSceoaiVgcANuP1qdlAJLZ+uKqtDDv3J69hTAl2AgAmuc8baBa67oF3pN9Ck1tdRsjrImV5Hp/hXRDKjGOPanOu9MEbh7Hmi4H55/FLwdNpmuzaRdW80V1ZOFh6NHJEW+Vtx6/KcgnnjBz26r4OeHTHK895PPJKWLxSI0Zj56g8jnocdQa+gvj/8AC2Dxlpcd5ZsIdTs8vASMBxg/ISOe5/M5rzH4NX86XGp6Rfwta3UXySIzNGZcDuMDcw7kD0JJzU8tmO5leJlmGuPBCAySDdIJZFjCqO+4c/8AAefwqD7HpyTMYIoHddrsjhxtB4DAOM9TgnBroNet3tFmkjkt0ldv3cSxl3C9id/ynPbP5V1nwz0GDZHPLM93K4O5JDuUf3lGMAfQ4+lZ8t2ac1jhIfCwvY3aWyma4nI3yYTYB/eBBPOO45+gq5p/hI2NkY4HWSJScKVJx69s54r3uDwvZOvmBFVMdCuT9Oajk0G0Td8oJP8AERzUSpSexpColufO2rfDyG5Q+TGYWk/1kkeMsMnAwOlc7p/ge403WPP0qKSQwfeWRgSAT1z69a+ifEdppVnYubkRMEOQXAHP1rzy48VSacBaafZwRxnLKqwZLnP3iT1J/wA44qFHkWrNefn2Rx/inQdOTRr6RrVdxVivyZC8ckYxt2k9+34VzPhbw/ojeHbctHb/AGuQ5jeSP5sEkY7ZzjkfnXoXiTWb2e2CmwtlmkjKuAmVbsVI68jqByMZ9j5s8d28SzaZ9rglgmkIaOTGfu4GGXnq3Xoc+tEYruKUnfYuz+Go9LkS905pLWO7Rwk0eAjHH+r+bg5HBA5wCMVkldQls1hiJlZP3kU7tjsNy5B6H5umew7ZqPxLY61dm6tri1ECXMSmdVvlQOw+64BI4HcEd+vFYkOmeLNL0ZtUkia5tWX7M0LETxsOob5f4ep9iOoq1ExcmbM9neXTwalJ4hWKJJCCEgbaHA+ZCwyeO6gd6i/sj7SZZrbxVc3PlB/lglwcZx8qMBjnrwT+VZ+gaZeagJ7HULq9RHJykaMQgC4GOTkYyvtwAegrqbO3h0axhupLlriYRNu2ThWJ5ViSuC2crgZB45PegZxq69qVnct9uu75TGxg8t7gbGHGAB06Dpz19sVFDqk1vqK3r3D/AGUsQ8UZQruAPXIPQDIzk5HaresX9lquoSQ2dpcS5laTEMGHc9zv6rjnqSBzTNOtbVd8cFoLQw4DSSTCQOe+ABkA8cAk8ZoEZ8mswTX63llbSWt8g3Ry7wqhj3ZckYPce/eor+/8WyWm/wDtImFBhooW2eWo9uw6cj0HtVpbaWG5Nxe3KvayOY44xwWx6jjHOMdeetbtlf2ySx2kixJtILxgJiVckYYtn6EDjmi47Kx5reR6gSWuDOZQfuOhxtPOR26k/ic1raXe6/bW8ZCtJDIwzlcEj7uff8eOBXW29xbyEW1wEuLZSPswGGCoenXkY6Y496s2Mliqz2Mw3XikxIgYsGXuyg4YDoSAM4zjPcvcLWMu3126s4LgSWckDtHiMqd4Yk4JG37o4yc8ZHqKDr92LZP7SsDKWYmEjDB8kBh13Kehx39M1seLjOmmQzW2mRzTtsMrWz7vlbjg/ezkHOeM4z0rjotYh/tErPZ3EVycCQJKSZBt6kDPzDGOOx9qZJt/2vD9nES+baruDQStECI2BzyfX2PB4PBpqeKFkkup765imuyoDkMT5yZzkE9QMcqfm7g8VWm1DS5ojsjieMkLltzbAefmXGGxjGcjAP0q8dO014Yh9it1cg7vLbcGHVWGQcemSeeDzyaAK8V3a6ussTEmQbdvmOUH3uoYZOBgjmobyOO3tBPbzSgxMysobgc9MqBj69D6dCbY0a7WDbZOtvcsQyBiPKY9sHPyNgcg8H8Kxb7VLmKHybpGlt5Uxgrho3HUYYdRwPcY+tFgbOo0EyS2RDiExLEJQzqULZ46r1IPGM49a7CyXdAX/eXG9uSybSiA4JUdC3+1yOeR1NcL4Lha5ufLSTfI4BC4IR89jj14Gf1r0PRYmM7PfWUKCCErCFLHDK4Uex5bqRySMVaMnubHnXVkUkilikV496wBjICSADyckscDjJ4yDwcVqaBduLHbdRySu7mZvKUFwVOCeuOOvzAkjgY6lLFLXTrVZ57u2stQAWOJ7eEyySuSTuIHKnHI9QM8cCtB2lwl8Gim+zS+YsjxkMkCnGXOcDnJ2MN2fbiqsTcop5gcw3O+3l1By2wt5MTLkE4zngkZXGQC3Na1/c6ZZ2dm1jA0WoQSjzZFfouCCGGcHOe3+GcqbU7Z2luI4BaK0iSMu/f8ykbmA7HnnaQeafLPZXl0dl5bRQQQJIPk2sYzj5UjzhmOeefyxSGcj4Tm0+x8SLaM2A5QRNcoE2dOP9lWIIA6ggHp17H4q6ot1e2ESqEjgjkkn3SqdpADADnJ4A4A6la4i/0bzE127dYwoty1pG0SnyyOVI9DkjGO5A74rLutevdeezuJtOUhSkc8EbHczANtORxwxyRzyfbBcWTOOpQ8SaVBcGSWS3iDzKDEDhyuMcZA5PqeOTWDdGzs4/sqwxSXUw8iWXO1cljgHPpgEn612evxzW9tGSPLlWPbbKi5Ynjc5cjLKuDzx2xxXkXjMPBqiWH2ozrCgZjjoWzx+QB/4FUSVi4O5V8SiK88S3BtJRLbRhIo5Cu0FFUDIHYcHHtVubR0+wtKsivMJDGuzmNxgYIPepdJ8NXc1vNqhf7N9nUMqzIwWUnlecYA9z3wPpru89xZ2qvbC3crueMggKB0I55JGf5dxUstK+iOWFk8bjIZWIyoPy5BHpWVqcLQBuxxkfjXYzWawbkk2h2kLlsZJzj/AA/WuX1v5gGI4ycn19vw/rSixyVjBQkOD1wc4PQ1vymNESebqzLnJIz6qe4wDnH0rCQBWyfepVfcCSWLsRz1475/StDM6C11WIlEfAjNuscu3+7uycnrk5GfpRf6kt9dxhhPG8YVQ6lTuztUdTgDGfx/GsxbOWIK7xf6wfKD1xwc47cHP4ioipubwpkL2HHAA7UDOrRoE0eO2hdoY/NYzYQHIUJkE9c/f4rKmW4muZpRbmHazEKv9054z3wOp9qTRZnu720t4ndYEBEiliOpIL8dTgr+VdN41sF0/X30qx1GGfyJZIkCrw4EgXLegYHpk9xSHbS5NoWn2Omiyee9IRoGuLoY+ZZTwg9T8pHr941Hqt/PZaRb27SRN5742x4LR7DjaR0BPPAH50zUdRcSWqBY476FlQSMwO10Vcbu3OSM+qjtmuXv7w3d39oXe2TsY8ZPJPA7cH+frSKH318Z55Z43ZG3vtQ5AGerY6dyoH+THpkUcVnJ5xmQkBgwxswOOfTrSaVapcXrOykCFGdwe5/hH1NXJIJZo5khDGKMBzC3PzFTluPQDr647mmIpabp0lzclD8rblCjIJyegJ6D3z0r0E2KWdjBaW+2eWRAEjDHcVAJ4xxyT068HtXLwT2+j28NrJbNLM5LOj9AnbGR3POa6K41eO20uzmlsVjupJ3lWSPrwDgFj6AjPHp6mkUnYzdeu4pND8iCbftnyx42kljzgj5cDaMc9M57VnwLcQ2bJJPMm4+UwEg+c524ye2CBtz0PaoblmtUMcsrRxyD5YuPnxxnPXHXHbjrWR5r3FxJawfNG/AVySFPqPQ0CbLFw0mqX3lZgj25TlBGq89gK3vB2j2qXbPqcM1wq8i1hnRWm4znGdxA68A5puh+HjaLDc6iwiEjbYmjdTlj90+nXnkjgVrPOkFy62Xm3G4NvMcGA5AzxtbnHt68UwsbNizLcK0cIMKLj7HBNFFghgV6ndjnJLEHr0zxh+O9Xmci3mhtJDcL+88m8IkBGcBlXt79Ofxql4j1d7eTEljuRjvkQs0W0nhWUFiW9cndj2qDR9IW5t/7RlgO8nhfNIaMdAwBJLDnHPvTJLfh/SZ7e0W8NkY41YgkyMFZhjgtjH0BODXe6fqF9cWsswmk0/TeY1SzuIxEFzkhix5xlu4PbisF3gi0OWNjcWTlVRpISdsoByJGxyy5OOeQceoBddatZTeFRHeSM186BWeQJIsiD7qrGUVl57nnpg4oSGzpdE8Sw6bfW4fxDex2BkA2XEkah8dTlcofwr6++HOqWWoaLBJZSbkKA537v5cV+eeloZJDYWOqSo27JTcTC/tgkgEeuCMd6+mvgJ4ibw3aW9jqtxiSUDYPOwBnnjHy7SOh6duKtMmx9SW5y2efqKkkZgcfKfrWXpeowTxJLHMCjjIYY5/EcVfYbvQt2z1piJEcL95OP7w/rUuFYZUZ+lVfM8tgDnY3HI5FO3IPmUsuOuBkfiKAJJCApBDZ9DVSaQZJGR+H+FWARJ/GSP8APrUF0kSIW29O4GMUCCOQkDNSDGemKq2zn+FyV6VKzEHDMc/TpRcYl2CYmK7unpXkPijQ2k8ZW+qSvP5SgoLaMKuWPQ9sjqfX8CRXsD7Au1Tuz/dHNc5rdvF9pR5McN8u7Gc/WgR5VrXg3UdTv3aNI1UYK+YuSD6hmY8/RRXe+CfDdxp0AjuZ/Nwcgk5I/GtOwigGWVTgk85OT9a27UBU+UAD2oSKuSSDZFjd29K4nxHrbQu8ccy8decV0usTS+SyqCOO1eQ+Mw7yvCZowzhmJwSdo6gf5Nc1ery6I6KNPm1Zla7q5nDzSOW+XcHZugB6jv8Ayrz6XxdpkN/LHLdxtJgDcoBKYJ/D8T9ataj4eGoAyNqUhkUA71fjyzwDngZGOlUD8NdKEEhUzoxJJeQZIyM7gRgn6965VJdWdbjbYsX4MttE1hehbiU7xIrkJGCMjvggr7+tQG6D34R/n8uLbgLgnjIDZ+982QetcvBB4h0Oaz0jUrMmC0balwi5TZk7SwwT1JU59R6Guct/FdxB4rnju4TbQys1uizKGaPkrt3cYBHGfX2rVU+qZhKp0Z6zpd1ot1pRi1CKG1N0zvGsmR8hOA2MYIzkEcY4PFZs+nXgim0/TpYJrCRWjjE0PCMCuMOBu27jnPpkg5BrjNIuGu4o59Q1ny1jYGD7QcbjhdvzAggYXYyHj15FWb/X9M8P30UklvcFJGkikSG43Bfm++DjHXnB64ODWi0M277jNR8B3NyFuIdXGnRSbbhY7qd2h+7wc9OOQSPUdjVDR/BNyuq266he21/BNyGt5/3bgE53egPoPTpWx4d8c6daa0Vu7wxW5JjTA8zaCR26EEE84zj16VvR6nptzKBZXVvEwnz5ka7S6ngYUAbcD+4AD709RaE7eFfPtiv2SOLdgxMZRGSo/hUkZX8Fz71xmr6PcR3E8aRzW8DKVXERnaJVOMhx9z2Y8jNdBrL3NvK+m6xPp7QxsPKkjjRFY4ONp6jgE/N1ycYqjqeoSPpJtrghGUgwyyXe1XCnHAYDJ6YIP5jimgOMZ/tentblIrqWGQJHcMSHQ4+8SuevcHPfPrWVawujO7RE4YYITIJDfKAAeAfUdP57Wnz6ZLhlnmSUyMJGLsCzDJDDgqfTBz26DJqdU1C18lNQQbAhiVwyghnOQ2Mg/Ujg8daBHOWd5qrXjzIPKfH78JGMtliwbpwRngj+WatXWhapdswELTMrmUFcZZSP7uecYHTpz25rpLjW9Ks9SilggiVVZSN7kFiCd5QkfdOeVP1GMjN+5+z3Vu99ZSRQ/OEaMKo8skkdMgHKg89xydpwaA0Od8PJrNlGbSUTRRyBiXOSMFcgYznt+vtV7UdEgvJFeae3iaICFgGDLk85BGMfX1z3FVj4jSzZkkjljkMpikf5WITbjAJ5Vh75B6/Kc4k/t6zj3MtyjMYQXlMKqRMOOeD94DBKg84POOXYV0QX3h2zW5uDY3bSLG20Ec+Ycdh2zjHU9qkk0RoY7Zfs11HGFIUxleSepx36jI479aswaqlwgmtIYZHUkGLO2IhjhmzjgEevTI5AHFqPU3uWRdSlniljMiYm+Qp0X5mHIIyCW547eq1GY1pqLaVOLTVZGukRgIZQdpKjBXnPTqMnOD9Kj1600+WSXyr9pwJNwd+hBzgEj14x6Y9sDZSC21eSWSYQysw2bQm2QuBnkjgEnPzDqTnBrAbSyt8kTI7mVcwOfl3KM8YxyfammSzf8E28VrEyXF8LdZAdsolCbW9iOv079eK9QsbaYWdobPV4VaYYxCzFCqjcMgfLjBOd2Ov0rynwiiw6gEAne2YlJjj/AFSnrz+HsSBXfaPrzJqzafaWMsNtOwEDRIv39+dzDkjgZ5/HsapuxMY32JfE15f2usLpsEc0LtmRF25Ko3IVeORkdSCff17WQxw2EGmyCe3+0JvSKfBQMxDM4H9447HjJ7GkWcPDbM9nA0yTFklmiP7kghhtw33eMgMe/TmtDW7lWsvOhjiZI080Sk7FjB+85J5ycYAB6kCoTdzSSi0lbYptp7wTxNLdJAJ4zIgMURwVPysm3b6DpxzjBxU9mYLPVdPF9mKSN2lZ2cGKV3+VgRgFAeg7DgdScpqg1S6tbAz29wl7DIGREkZSxC5Ujn6YJAxnpV+W31Z2RLqSOa5O0SPNHgBGOGkRvuk4yCmB3OGzmtFLTUycHfQ86trm7eG409FjIlmja4YydRkN+A4HHHJ5zwK5a81nRPB0Mr30gknaWRre3I5xuOfoMjPT2rpEUaDBq+IFVxHHFHM7BjK7842noRtJyOOPpXzj4p1CXVvEd5cvIzr5hSPcRwoPAH6/nVbIy+Js7FvHVncar9quoHmjYqrwrn5lyDgFjwOBnnmud1G4udc1y61BkRVnk3LEJMiNccDnnAArJtLSVk87Y3lKwUuw+UEgkDPvg1p2amJCYPMaVmDAlPlC+vPX6Vm2axiek6xappmgWkJdnur1Y2WNZ0ZSoPJCrnuvUnrj0NJo1hbpq8YnM0jJJuclBtU7SNvqR14P+FYehNqF1cPeajLubaFyMBUyeFUDoOvTnmu68G2xTVfttyqLCsf7nLj96xG0DI7gEng/rmobuzWC5UcJrRt5tQuri1K/Z2d/KCjjGBgY9M54rj9YO8s6KVjYng9M+nsK9E16HT5Zb6bbMRLMQkoUjy2yQD75w3A9Otefa4D5BVMrg8qTnnHJH+ewqkTIxb1g0vmEctg8dMY6VY0ZLc3ge6GbbB3EdRkYBA7kE1Sl34IZSoUYIPrV7SPLVQfORWydwdTjAwQQfX7wqzIupIsMDzSTl7ltqgHqoCjIPtnjv90VXktZI7d5vL+Y4+gA6+/H5dainuzN5RZB5m7c7n+LgAD6cVcm/wBJhndUaNk2jcX+9hfmB9SeoosMbozwG7FtMZkhk+Y7ASemVx6c9++fajUlkuNSklJdlHRieXAOAR+X6ZpujW0rX0agsN52Eq2OD1wfYdq3ZJ7CzuIPOWS4lAyhUAcZPy49zn8x1BoApXazTAvFG6yOqq5fCkPuByD3yefbNRWlrJLiBNpXzAeTyWHG2rmp30aXL2ECSKqAbXbntgjA7bSB+Faeiab5Fkty6+WZMqnptwCcHs20HrSKRd0KxiF9cPEGgKQiGYK+75iNudrdxnHUc9CMioNQudNXR5HWzVkuUOcOpIxgjHfGNue5+tRTTx6fatdxTssNxDLGqg7CCTgAc84wDzxjNcderKly0Wctkjcrghs9SMcYOaAehfsQLzVjNI7zRqCWLMB7Afy6Vo648v8AZkQluJG23IyGbcYyy88/QIOtT+E9ILDzLiOYEKziRMYTaOd3p65rK1ue4Z5lkMMiQMbcbAQuem7jGCcZz3pBfQy7i4aVi7Ydl4yV4wOg/KtbQbW4uXS5kby4k4aUjO0AZHTk/wD16Xw9YXCRS3XluvlAllK8kdDjI7Zro1FmdFiurLS5EMEm+VxMDhOgweCAcgE0wSLtpcP9iuGghurie2UYAdl2EjgAZODzkEAE854rCutQn08hGuElaX5ZlkVhJGeN2UX5SARjOck+1O8TzrYqUs7yREkXzID9pMhUA8DcAPmHT6d6xdAjSZt88txHvmCmVVUkZ64bOc0xNlnS7GLVr9nur/ZCDmMCEyb+eVCA8d66RZLKxM0d3qJtoJYSP9GZlEpU4AKrnBwRwRjA9qgvLaXSTY6kYpLIGH93M+1Cxzgt+75zj1Htisu41W3a6kuobxEihVAvlRqGRx0MYfnr146d+lAy5rM9tOLS1ikWU7lBnQ/PLEQAG27QCfXnnnPPNZmp3d3PcLpiPNKE/uZ2gkdh1A9uasJqB1nV5J7i3S4umg8tRHDGuT/eVW4zj2OefXNaeh6ELWQNNFl4j5hYLuVhnqeqr6EZ4IzzQKxr/DXTnga4uA5ns2i2ymGRT1I+Vh95enHHJ712saH7Sjw6hCZELMIiWmUJnGdpHBA+bjBHPSvO/wC07zT9djsY5JTCkp2kyuropPQ7WxkeoAzXcajdwNE9z5Ut1Gyh1ljhyY+udzYG7nHUZ9fekB9KfDzxMtro0QvLmKWXAVtuPnOOqjd6dj83sa9N0vUIL+1UxA7fQjivifQ/EU99q1vYwyxQxxRbWSdvvp/usVPf+FvwFe1eA/H66feLpczYmDDNs7bmZD3Rh1Hs3I9+tWSe/bSeMknGVz39qkCgxgZ2/h0qnZXS3VnHPG+9CATnrj1+tWJTsQH76n37UgFO5DuwT64/n71XuZQEZWAParCH5gMkrnoevPes/VVkViQQy9VbHBoAS2UZwCcdKuxIUfBdsdhms2AFlypwSM1Ms84GzcQB684qRmhIi9Tkn1rn9ft02+es0oZATwcgj/GtFZTkFpenXJ4qC8WGeGRY2BPfY3IP0piM3RYYViXavOOpPOK241+XFZmkoIosyEbiSenWtRCSPSqWwGfrDbIG4ycV5N4siszdtealdCOOEYC78KM/3vX6e9eoeJ7lbWzdyQCByWOAK+bPE/jPQL3VLsIrXjiQqWjQsMdiFJ+bnt3/ACrkrpydkdVH3Vdl+fVLdbsG102dlcFUVIgVG3qevGOo4rQjMOq2sUqSLbzW+BGWOPm5POeWA6kd68K1zV/GNtdtqf2W4t7WBmIDyc+YOi7QeAT0HoD6U5fEHiyO7gmskuMxJb7PM+643HG7twJMH1ArH6u92avELoj3+e0tLmRYJBbhWk27yP4GHzLyOMEAj6dq8d8b+DLG4vXE9rLHIhdvM2YErbmwpweo4x9celMn8Yaulo0morMsZuBIsmzlTvxJGw9Nueo5ZVI6msnxJ8SNQutPRl3W8kczRK6nON27G726YI7HvirjBozdRPoV73TL/wC3yWml2iwJuIHmKzrJkZDLlSCSM8cHisWXwtrFzJJBc3UzrKCwj/1UKAHI4f7vOffnHWr6/EnUo7oC8t5pLG4ZvNQZzEynDAFcEgHBwSepxWmfHlxPA1qmmxvZFGZB5m9Ard0wOV69hjofStUmjO6Zj3fw3mESMk08TLH5oidcsVzgDdkr179MVyyx6ro8xWXzY0jfb32qc5xkceh44r3LRmt9ThUSO1y8SK0eNyPFnHB5HHoR6etP1XRtOubaU31oJ48krtH3yPoPvfXGc9RU8zK5TmNG1KK5sormc2ouI1wVMBk35xwCc4J7dj071T1Zb6LSbkLYeZbTgIIoW2kk8so43Yyoxw3TB9a07vw5Fo1q2sWaOVWRSYrhcHY3QjBxjOQTxx3zxW88cdzAnlPbSPeNutog2YpFJGVcdDg5APGGxjGaYOx4lHN5TyL/AGfcCPGUDgM5YdQCRg/T+Vaui67MQ8n2KMG3kcomwEKhByvX0OMd9vHTFdlq2raVYXF3dTaZCtujYttzsvzgk7kzlhnPbjIII7nNt3tta0q61SUpNvY7mc4eOP8Ah2jGclhtLDIyVJpkXJpF/tPQ5nEFnDHPF5u+GMMZG4wR6Nj+H3z0wAzSba1gs/LkuRBNdArbzuRmEnKjcAOmRg+hxn0bLh042VxLDDezizdwkgXpt52kgN0PByOQabqukPPdiBWvftochRu2I7ADcp34IbgNyecZ680bjbsX7vw7aTXUjZZ7raTvUZQ45wpz359vpUzeFrCe6+RPKkKqfLjlV1+ZSVwfRgDjnr8vUVi6ZqrRW0Md3Gsc0V18zglWzkAggDGeBx7kitvUb+wl0q7NuJ1jyhjEbDcqA88dDgkNxjqfWgVymYP7MuZdNQO155hBURKWYAnY315IIx/F71Q1bRdTluRFG4t5AEjiWYhU5A2ggjA9MjggDvkU3+0rg3xvZJIZXZCQsjMWkQLjBIGO+eobg1sTamsVpbPLeO8sjKmxMlQhXIBA/hzkHBDDHrTsBztp/a9jDdWskkXmIVJUkeYjrggj3H/1qv3d5K+kzPcvcPcIysCV5Qgc9ecFSDz+BqTVk+z32pGK6mnR/lZTGFkB4II45H8LD0IPbjM1W88xI3hhmRUUIrnBDqRna3TPDYx6etJCexPp1y9vG5jkMiMSqcEZ7jJHXkAYPGT7V6ZoTLFf2t1JII2kYxiaAoSWYZIIPGOcZB7nrxXCaE72rGeWCMRJGEDSZABBIOG/vElTjBYgDHv3GhWl5LeTrbwIrJmJ5Sp6SBf7wGcYTnHfJ4Jq2u5mpNPQ7u31S+cJY2/2eWB5xHLBK6pJLkjBCLyoAPU+ncV2WntCIoYLiGON4mbEcMWdvGccjGPfr/OuFcCBAFSBpZijxxsSGYKpAHyqdrEKPY8nNamiX140ytdwTQRfLLLcSkqVwMhAijAf5guOcjofSZLsaRk3udNcWsqylftJQnaNxiDOI+RkAduemM5Az1pLCN7+CC9kEyNEhUQiHJkbJ5K5wVyeBk44yajkeJ9klqpSFmLsQ5jTJ+b5gegB6856DHHL7q+a10d0sDBJuZUR2/exg87gu3joDjocqaVtCrq/mfJmt+K47pLhNLDytl1Uc5QE5B3AcsCf6dK4z7DaySKsEFxH8vPmHLN6njpz/StHR4ordtojlQzjagHPPfdn+ddnodjPJIjyLv4HyM2fmx0Pv161XkjC93c5XTPDOpXl5FZ2cSSSykrGp6Zxn/HrWvp+mSWd99g1Oxa1dUBZJW6gnhht5KnsR/Ounui+nyieAQ4UfeMSnIweisDgjPBHofSqNxo88twutPfrNcKAWjZeGXuUAPQZOVOBwcVE2rWNoJtmv4Eis5dY+w58mCeYvEWBG1Rhsk+23v781qa61tcX8JgRmuI5WZ1d5AfVQhwACQCfxNcl4PupYvENmrOf3k/lybMYG/KZI/M8Z7ZzXoS6ZFqGp3kdxNNHBYqskK26Iy7Y+nPGPmU4I9e+aIK45vlOFtLS31CVRFapE1vMIVG5tgUqeQemQwzjOTmuK8U2Ews7i9MQVVm8p9vAQgcDHXnBP/166zQL5J/Piuf3drO2GIO0gknb/n361R8fW5tYfKeILG5LR7cMB689c4wM9apbkz2PNpFieyy2RKh+Yev+R/SqjRvHL8wIGfpWtK4EckcbIAY/nJHpyFHufzqlezLIimFCAqkMWbJ61ZkV8kMp9Oa0NNYm0uWXIKhWLbcnOTjB7ZJA/wD1VnpIgXa69T1HUdalskDzeW8rRofvEDPbpj9KpiN51WBhErQ71kI80NwuEyDweOSKzbuZ0vS4bLQuUQ5+YYO7dx796kkEptmMRieMzCMBeoY8jA9Dj+lQeWrStJho+nDA8Nxke/P9KlIZpwsy6hHK0yGYOGCBActtzuI6dSB19a347+4+T7ajfYCd7MF+7I24seMZz1/EfSuP1C6eeUOkZGTnjkZ5PHpyW/T0roor+eSK0glu4w7lZNzAbS+CrE468AZz1oGmUfFMoFzFHCVmWSAOcrlQct932xz9aTQtOL3Clo1GzpI5CqC2NpbPb/61WLG1GoazLJfkmC3kAmjVvnWLeASnY/j+tdJbxQXNrdJaiGQK/kbEb75OQpAPT5trYzjqO2KQ0iCGZ7FYZWHkOoSQmFDlkJAK9cHG49eOMZ9eS1O8ikvLvyo2jguLkuoY5YDJ4OPrWl4ivooJEhhuJnECNDvX5CG+YfoeorIgtWuZ4w23dIgkG3GAOh+hGKAe52n2Oa000Xbo8k0CsYEChkdVTcSPXGzB6+mKxrvxO8Kf6JHGEAZIwVJ2Blww9COTgVv3zGXT7pTCk0lsygOH2sVwoJIOc9cdBnOc8VxNhZw3E7xtuAByFY4BHfOOfXpTAtWkV/rjRST/ADxxHa8mB8oPIB/I4rWubq4traC08hGkXBExDLvKk4wWGAcDGfTils3FloE1wuLkBPLypBMQ/hZgD0PGD2z+FUxJd6pFNFGk2VUSHksJCOpPbv1x35oEgudUt55I5oY4EnCtG0dzlgCcnk9xzj8eBXPzRyC4bckRwcsEGF+gx2+ldBeNI+k2l2LiNRIu0gptZZFJznruBUjn39ql0jTpNSkSKO3e4k2lnUHBAHfPpSK3LHhLT7DZJPqMc4jCEKQm8jjKkeo4x2x25rYuLy1uYVNpFDHGMGZTO0ZY9sqXZs++AOCKm02202KQRR3LW2VO8ToV57hDs4P6GsXxRfW322O3hK3ijLCTIMiHoVyFx2zlTg9faqQmQyWiT3EDrMNtxIN29cBMcZDDHy84rtbu51fRLSCO2xLNHGIZHCtkIcnhg2G4x/Ccj2rmvDunyS3MCta3URkBkt5Bk5APYEjf34rr5YLYajCs2qzbZEPzXMDKVXA6gHBGemDxxwaaFY52S5ijvNz2RgbAeZrKQxsCejNH93g9woz0I7nqfBmvXH/CQwX1wzXlrHINj7CNpB+9x80ZHqOK5TX9ZRNVmttPnluZcqgluYg28enI6cnnH510ng6aPRR5tythcPKcZVo48/3guQpY4/unOeMUAfZXgfU2vdKS5VmBKhwCwY4PuOtdPO48kYOA3THUHtXj3wh1m0vtPaKwuGgUEoOqqx7/ACkZB7fhXpthcStG8E7kyRjHIzuB6HPeq2EagmwhVecLkfT1FVLy6DTjbkclWX0PcH+dQRTbJ/LOV3jaMjgfj6dqrs5kuGJ+8WKn396VxmtbAAKcdDx7U+aIyRnaQGHGQMgj3FVw4jiBP0NR3d3HHCJJGwg6kj/PNCBkAZ1cgpC+Dwy1HPeBWIzH8o5wMEVg6x4l0mFGKai4YnHPzMM9CO+PeuM1jxTbb4ZPtu+R4yASDsYEf5H+FK9gtc9O064jkuCd4Yk8bTnNastysSelcP4Muh9jRgrEMOHLhsj6/wCelWPEus/Znjh+ZAxwWAJP4YquayuwSu9B/igxaqrWXnHc+QFHXpWJonw00e2T7TPDDLclwzv5YxgAhVA6YGcVA+vabpqtLNNtXbtLkHb6kDqSMd64q/8AjHeX3jm30bSrdo9PjuY42ldgGuQwydi4PqvfJJA9qzi1JmjTij0O58AaaboXjW8U4AJZXXIBznPPQ8V5v478KxxafNCIRN5KbF8vCyMm4jy8euxjhuhxjvivbPCusQ65ZIYpA0jKcpk/JyeP8K4P4weB76XQrjUdJvrwTDkCM5ZAH8wbfbIIwcjkjoTR7NCVRnjhsLOeF5G1eeYtGBKrqFO5PlLbW5yVA3KPqOhrhNW8ER219ERqkN9bTICFLbDKoJIPGV3AH8emK6nx3pHia+t/tNhDNMsypPIYMR3McgKnfx16AgqSPkIORjHlGrReJbOC5a/sZopFfdM0UeI5OTiUY+UMCTkDggkYBFTyW6j5+6PRF8IaNq1tHaym9aUx+as8U6xEdAAUY4YnB/LtnFcv4g+G+r6LILrRbsXcUKefsdSjDJwSOx7c564/Hl9K8calA3k3RRlceWzbMfL745PY16n4a8czGwNtq88ctk52lw6uxZQANvPOQORkZ5zg0tUO6ZjeFfFt5pkyjVLC5hlhicRDcwV0+8ytgc8/MOmPm7dNOPxvHJKUuZLa5tLxWBliG2RZQFbJU45OOmM9QOTzv6jc2F+7QC8tY43QSJAYR5i9v3bEj+6SBnIx1Oaxv+EN8PXDRTXemqhjVftEcDhQDjup9z265HsSxGPp3iZr28i+yX5vI3lNvNHKpG9CckdsZOCD68n7ta9lrJvJ00tYzbxxT745doBhX7pyOmN3UeoHbBrhfE/hizttVu7bTtQ2qZt0cTjbvABII9xnGfUkfVujW1w8+/7RKrtJsB3bmDnJ57nnIIqWkNNnSfEjTZp7LT0imt2kfdvePPzuAVBBxnOCRj3Fcho0mraAj211FMtu+77NI6ELnnI/76AyPY13VrfPpV1Fb3tsz28DsImViVWRiu1hngD1T3JxzVWeKa4to7aaW22Xc8m1WkLEgEfu/YglG4PRufu0xBYXtnJbre6w8bYjjkldY/vJu2kow6sC3zDqdpPY0hTTVjfztQSf7QW8sM+BKq8DB7N0GARnj0IDb7Rls9Ee3nZxPIgaRc5XG/IAI6HoTx/CD0rK0+wj1eForqUTCMPhsnaGJzkdcZJPpzjvUuxaubEmjw32iPdC88tEuNjlnO87Rkbh/FgcgkgjDDJqyLKy0qZXMUTs5Mm51yoDYJBz1GSR16H2rOuje6JaMLadkEnCyDBVlZTjcpBzz07j5hyCasC8gfTbeC6ngO/ZDDJA2QFOWJIPQjPTsQRTFczdW0URWMOq6aBFvb5Y3YuoDEkAqeQQMc+59qrIXuYorYLCZJGWNZUXZ95vkDduGwoPUceuK6Z74f2NcWE8Ns94kkaKqsAwA4DL68bPXv61z1zpQ/s9Wc7LrbuEIG35/NI2kDvjJH1FMkz01a4hupLW9/0jYzbyxK78lQev+7x70qwwx2cxidkjLoWDHgrt+VhzxjOMHoeOOKzNUSaS6aR4ZXXeXG4ngHHfvVu1uJbiRIZUSHI+WSFD0xyAM9wP5UluD0R2nh28/s+IhYg85kTybaRg7HqDkdFHQ4PPTpXb6BpsHkyz20IikJEjBUIjbLAs5X/lnt5BPO4Lj2rg/Ckc8mofvibZdwMW5N7YUfKueoyWA9sj0Fd74cgi1CdbOeR4o5P3cu5Ssnmh/lPBGEBJ+uFB55OpidFbs8McdympW1vb27Ku+G3j3SsvVhncQSMjaCMAcjAJF2DUrMeddo1w8Sy+QkkY8yPKjIAPQljyB2z68DMurO0S73Wdo0F0WDfLiQYKsdq9GYbcMTzzx2rZs7eOPRpLG8H2hrQNJdAEPGoOGXjOCRwQMY3AEjJNFguJrlrp8krXt4LozTAiYphFKHH3gX+VFyM4znjtkUuk3cn2wSxw27Wp2pbLFGQ8e05BdBuWMvtUA8jHQ9cWxYyl59Sl0+aIsginnmaF22qc7mRsKAVK5IPAA7nktrNTrKILeYW95KdxBCKEJOzjGGZT6k5zwPRKPcbn2Pkzw5pd3POLNY0kuXYiNjOiqEI/iJ6fia9S0TQyNGlaSSdbiFWZGA3R54GMnBzycgD8az/D0baHpMrzRW0t9dEBFI3ZQc84PKnv3yAK3tEu5f7Pa1SaOWeRQXEqbiWA6BRxkgZwOcH2pRS6hO62M2LTmubaeGUoJEUQlJVBIzwDuPTJ5x1+tL4mjj0yzPkMsZeRciZQXYKB93bwAOR0/i6k1qzWrmdzGRLGHTfEBtLEEY6cHDbiM+lZHiOxv72xF5cTSTBH8p2VeVU8A5HBzjPtg+tQ0loaxbetzlZxAl5bXlvKk8kkrny04RMMQck9eMYPb0zXb6n4rjtNCRI7QTXU8JV2RlIGRnO7GeOCTnJOfWuaFjcOFvnhg8hDsWRXTcuNpC8DABBGP4uvHNQTS3DeQ0FoBFh5BuUZPYNzwei9OM9e9KN1sW1dCLocEelwtNNCzbsOyyH5Duz2/P8AD2qLVJS+ly2uowJOgx5czLk7yDnke2CPcD3rTtFj1PTZHtYgwRDt+cAZJPIyRyMHI/I1Fq0cUlpbwCQSWlwE+4NvlsuACQeB94ZP9a1sjnvJHkssCxfakkY43gpk9cH19cH9aykjUrI7EDaAQPXkA/zrpNXsmivsvjO7cADkeoPFZl/BbhWkgOIsccc7jnI+gPH4UAiOa0je7tyrkmZ1B4wMlsce2MH8aqEmGd1VmHJXI7gH/wCtWmyBtLSRVLlcBSCP3YxnH15/Q1SvsNcPMqLGWIdUXkdT+XI6U0AQzfvMFlXj5WxjBrQtrppEaF5ECiNkAIzuz157EjHJ/ujpWTciMXTeUd0ZOQR6HnH4dPwqWO6MHl+USCshYZ5HPH8sflRYLmgk6QfZxFtLBtxKDO5gODj1yTVyW43WaFEgJtYkyZFyWIYnbg9cjj8Ky7hNtztXBKd4zx9c066ZCEWVmYsDls/eGenT8aQzXttSS182GNXUTQjIVgUwxBOfXjHuCD3rVtIoYYba9hzEqB3Lx48yMDIVm7Mp45PGQema41o5Io4kO9SG3Dj9Qa1ft0trDFNbiMAAh0K5xxyOexGeOQc+1AXHatGWd5LaIFQdzNgfMMDJx3Bzn2qzZW4trBbraRKsiqNo2rhsZGT3Kg8DrWVOsrhnCOsUScnOcKCPz+9+VdJZrK+ly2skj3Nug+ZTgZVSNrIfUE9OuM+tFhkfi/UI7u9SaK1FuqKr7tmG29MEg8rnp3HIPSpdPubS3057yS381oXAKBB8zLkgk87fcH7w6H0qWtks+l3My+bJIYXWRWbAByCCPXkZ59Kqym/lt0e0UFHRUk2oc8fLz2z1H40AaL3NhfyqLS0e3hkJLRAFsA/eQFcHHQjOfw761rbWelaLcf6XP9oZCIohHkMCTnbn04yM5HORisvw3BNZ6ghuAWYlZcP8hdSOSCfT1FaHii4t3tSjOhkRj5aGJV4zj7y4LYOeo/HmkMxIrHULhxLFlIITvxIQqID+OAOfXvWzo00UWo7bWRgzIUxz5RHcHodvOcehp2iWEaBL2K7uBGvyBthKsf7vII9eOnWsbWrRIr6T9ykkcgLOWA2N6MmeUIz0z1HpxTA6m7v5mebTraeO2kDM72x8w/MOmAQSfUHOeelUPDFjZ3+pRxSMq3Dklmjj3hSO7OcAZ6Y6fSp/DemxWtpFqSX8cjjO1mQkwt2yPr055qFYp7/XpFNlBqbk5dY1dd4wdxKhsgjPrTEXdY1OTT9aVLgW0yW+GgaCcNtI+98gJUe4BxxVKSW11i6uZlkSOXduLvhWKnjrt9e+V9OKsCLT11RGtrTUJvIKwlbpggQk8behA+tW5ktrfXJdOjkVxdbB5scavGMdvl444ycZ68UxD9K0O0tZEu7q9idx03yZLfU5PPv0rT16e3n0aLTLgqLl2LRSnbJEF9yMZBxjkD8O+L4gju7O2M8TJNbs/CW8Y2jHXG3IHPcH8qhmllk8q8vUK3EjK4uLjLoo7KinjnB6556CgDtPCc+paG0ButUsYAT13YRTjopRsocf3j6V6v8ADH4jahqmsvbvrdpdW6N5ex8OQfZwB+X1xXhLanpsUbQXU0t7JMuEXzNrhOeFU+nXPB/I1W8H+IbbQ9ejMEXmQiQSt8+XTnhmVRgHBHIJHSnzBY+6ZrxYoo5cbhuyOfz60mlyCZ5HXldxK+tct4S1SLX9EhurEM8NwBnI+6R16Hn/ADnmuy07TnSLMcqDIOQ2aTBDdWuvJsHcfMVTcR3+7muPvfERt5bWC8Kxpcv5YeTIU5xgE9M/zpfihrF74Y0HVb+S3E6RWoeIqeHfzFXb7HaSfwrzlvHlxPpOLi2tDazwgKFyxJYcHnggcGsqlTk0N6VFz1sdL4i8F2F5cvKimCWQ5MkcjA554Iz0/wA9q8z17S9W8NSxvqcMeoWZly0yEgoR0OOxIzx0zRq/xAOnw208OoXEjRuBJBLIW6YDDn8aS9+LGiXsF4LyN5oigVY2GC2Tz+Qx+tKEnIdSnyaXPSvAGvR3FukcqCKXBdk3cKMdOeeAMdPX1qPxnc3cuqxlIi0QU7gccAj/ADn+deHeB/HdlpXiGUgmC0mdhvJztTqODx1wPxr1C+8U6brGjLf2k+7K7jhsbCDzn3B4wK0nrEyhpLUwvGGr2lroV9Nc3EcUkQMe0HLLkHJA7DAA/Gud8F3UGpKWXTVuIbSyUuSrK+54giSIRyv+qwfc+3HGi9sNe1XVDfSJ5TMWVQx2yqcggH+8cZHvx3rd+GXiC+upbmSxZre3hHlxRiIblKsjZdf4sbpPp+FZUo8prUnc+pPhARNo0mofZvs8k87uwx82CerDpnqDjjjtXpE1uHt2AAYEE49a4n4ePcNoNvNewiO8I/fxpgHdz29cCuyDuH+VmKDIP6dK3TMGtTgfEnhGDc08KtFvBJaIfdycN9OoP515L4w8INp0hvLd8sf3rOqhlfk5IPQ8HBUjkc98V9F6pKkFqtx5hKeYCQByATg/4/hXjH7QOqx2OjmKxkgaaMCeMHOFOeGBHHU++RkY70uVDUmeDaz4Z8OX14Fu7dLW5jdm8mNWIZTzw3cEg4Hbkc9Rga54MitUuLrSpI4rTyw7xJMWkVCcKyHowz/CT6jNZnj6WZNVn1HSjNax5kmxE7EKW52LjjbuxwRkDBzW94M8Wza3o5S4sYvOhRomdIwVdX4OQ2ec4JwffGQahaFb7nA2+s6ppmopbXR2xr+7G5SRs3BuN3OB2zyMkV61p+ryy2qLI0d3bSyF5k2jMiAEdh2GRj35GK8m8dXsF8InhaJ5In8rOD5mFG36EcdvUV0Pw71Fk02VRcvEikE72yAD9OnIPP8ASk31FHsM8eLqOl+JI54Z3ls7diIcfe8sjGDn+LaME+2eaw7LWJF1BI5Lh1SUKzOgyY23cH3x+v1FeialaprVsbm4EaQpA0Qw208D7/PGTnqPfI5ryXUAlpq83yBkjbjY2R+fvTTuNqx6Vqrza1o896kYNzJP5TEE4lUnaBgjgY5BHTjntXIaeuom+WUNL8jlys5z8yjLcZ65BHFdVpeuaTNoMGnykefEGNuqvwziMbNx6qcntxwRxTFtNgW8T/SLa5XeWRSfLHI79M88/XvSvYaSZQ8S37xaLbzvFHG/mBHijGMZwxwfQ5zx0yT3NJ4M1YrqiwSkbZFLb9207cAlSBgk4Ujg96t+KrSx8yCGNDlZPLA37ckYLZHOCMnGMjDDtisrS4LeaNJXiMMJIzjOVIHXd24579/SkNb6HdTSQX9lcWsUPMs5aWRAFdR13MOnzYOTxyAa53U9FuLK9ivbOSOWJl89GQYV1ByRg/dOM8enPTmulsrSe38qWzjK+aGVPl5kDDOwkdSCCcDtkjOMVz+uT3UE1s1qgg89U3qnIU7sj5e2CGxgeo9RVIlmgbFJBNPJICYQ7HEnzH6Z9AD9P5YN7FewzJO85dsrIX34JXgLwecjGPbirdzp13LGwt7tRjbEpiJYTDJZcepwO30rGvdQ1OysTaTwb4iyzJuXcNvBUKfTkfgRQhO5Xu7u5W8lmmCqyn50UlVOWIzgenT24q7pdibq8cMIFSVDgiX5cZI/Ln8iKxorpJZ40lDeUVL8AM5Vv4SCcfKw6ZHWt/wtA6yRXNrJGzI4HzEjGQQRxkge/wCXPNJITb6HpXhTS9uhh9nmW8mEOxWb592BlCSNrZXJ5wfpXVweGnkkZ7W082SORkEbYITBXaVDHO7II5yDz1yTWL4GBsZJY9QjeRzCZIpHjPz46hlGCCAT7nI9K6UtrBvhFJHJDp7hYgHCMqqBxgZ3bi3/AOvirbViEpXsW7fTJY5UnuZH+xZEbskXRVbKkkEj5SQAo9OeeK0dNsopbKWeeJJ15csysu1QFb5lyTnOOy8fL0wazohtvptTivTa2sjbFVYy6uxBHmBSMYDc4PHGRnPN21XULXULJo9QuTNKPNeK4kUK5CAMp6uFOcjnhRxzwXdCs9jcuZobWTC6agW5jRp0EAV9j4LBcMQwLA5z0ORmrU+q2iWR0g3NyJ2UuxZixUYxksuRk8jaOmememVeLbXFykq3Tm4XaxZZULZbOMMOrZIGAAMZJ9Diw2cEcpDXcHmiRV83Ly5jGBvKqTuw5IJzgHqRgimKx5XcS3cdxuuzxwELEcDOQWIyM5JOR6AdKfaeY1232WRfLB4eNTnG7JGc8tgbsD161p2txaXMFv5MEnlXOd3oCSF3LnnPGc9jmmPbCwZGis2keJhG8gbIMgLKcAfeGPas13NJLpYk1S8+y2Qungsy0xITHLYBz06c9PU8dOtZml3pl3tcAyorBJot2FmUZHKngEdiDgZPfNTzu84t7R3dEMeZcZMspZjl2XHvjp0GSKtX2m6VDbODAhlZRJIrOQQPoD6Z4A71Vm9SLqOhzaalNFqKWKPOLaWEDJ+UAM3y5UdfUZ7EHjpWhrul2zP/AGhLFMZUTfLCWAHBUlvkGRn58n8etULuCdri4ilmgkzAn2SRl2AJgn5dvQc55ByT+NbOiol1eLbLEt0kqGMlW8wkhjuySemAD2zznGKlW2Zpq1dGJ4fsJbZ1XS3tbqTylaUmb5XON2Qe2OPcHGa0dNntZFmtgEG2SQTrIgZc7uAQOOckZ6emKzNZb/hH9Pn8i4kW3BYjJXZJlOFUjOGPPJwegHrWZd+PLOS5msHMKGUC3E4cGQx7l+dzkAkAH86afK7Ca5tUYni7TFsbdwoeQTXEsUe18lTGBkdiRk4H09q5a3htpdMkilEwuU3M5CgKvPU/TgfjWjBcaxcXDzzTyXlhFcMYiwCj53J3/d6k9frikEYlvGCxwRvdHG1HO0MeOSfr0/Gm2mJRa3MSZGtSkaZLYAx6N6fy/Oql5tUnYSTznI5XsQau36hb2SIg5KjB2852jj9KpeXIR5rZySDuHp0oArIh3AkHJPHFTzWm62lmjcN5f3u2088Y+gP6VNfxQpFFjcN/zAkeuRj8CCKpzRMrH72Pei4rE0d0yWsIhmYSBsup6ZBypz3H+FPMiXM5QSPGnJjU84b09s9M1nqNuCefUVIuzcOu0ntyQPSnoI2GukEMTmV98QCeW55OPT2/lim3axSR7oJG2LgOWBwM844/H+lVtOLMWtyxAkHZQc47YP8A+urVrCyIrKnmRM2A2cYb0/kcHtSsO5NPeJHY/YIjHJDt2lwOH5znnoQePpxWrpW26iiiWUR3ECFCHz86gZQn1HzY56Y646Yt3ZzQvsniEe47WXaRz6DI4PNaYBHlXMEJMlouHUH5njx1+o5/D2FBRJr5lhk8tt0CMdsjfewOOfoeTWz4Ue3tXuIridyxRgkiuAgI4JDdCcYIBx9a5jWbie6mjuGj2qqAexXsa0tLks5ozaXiSKUUlCjbMOcd/Q9fTP1piNDxVBNJothd29wk9vaptdXyGX5iDweoznO0kAntWLO+oatMoBhcxxZGMITgfxdATgAZ74HWrmvzCOFbVEYQsAUdCQhbjIK9AfXHHccHizoCRfY3FxNHHKGwjBAWIb2PVTyMjpj3FA1uULTVb+yUQR6bbSRzKPklDldwzhx8wwefpTbdbuCT7T9mW3ZwdpXIB+gOQfoav6F5FqyrdyvsBwphUsyYPQjjIx2Bz75rQ159PbTUj062VpI7kM9w0LRxt67icH05wCPU9aQ7FC41e+vYIrS2sYIIXjDP5Z2kt0LErgnjPB6VY8N350jXo0R5ZCQHilwm/cARtViTx+NQaKk95JNBLqMUMS5xGkhZpcfwn++Pck1LeWmky3dnp+nsZ7iYjLB1UIxOMbsduO/BoFYb4klnn1dzPMztIAQtwilVzzgZPBzzkHmrtvbeVFFLZt567fnlOY3jfA5wMkj8MCqGrWJtdRNve6i0k8Y+QxqpAOPutu9cdeex9ht6RpNtHbySSX8+ob4w3lRBNwbtgMASR3wO3UdadwsZEGm+IbmQNPd7kVx5gacKen8XPce/PbNM8Q3C2sQs7RnKsPmZBIjnnuWJyO3IB9Mc1Nql3aXxzDZ3M9zg7DvDlR6AKc59Bj86W1SSHS0v5zd+aCZAxbDGMHB46DBxkdD9eKAsjENneywwK8E0fmndgxlRIefmB6E9R61FcaeLgo1tG0ZQ4Z5JBuz1xjrjj0zzir8fiUPdiVNNjnlxj5nbG4/xHaRk555yKFurOeNpp2drhQPOlWI74jk5wADn68D15pWDQ+hP2Uru6t7FjfXdyyMRsVzlV/wx2HvX1JZ3cMkWFkRj7HNfG3wB8VsNcEEf2ie3GclwAo98ZJ/PvX1vpE1ldW0c2wb8fKRwR+VD2GkrljW9OtNV0+azvYUmt5FIdG5Br5m+OvhBfBPh4XWn6g8tvLcjy43GDECWIA9hnH4V7p8Q/GMXh2wknJUbU3HceoHWvkr43/EmbxVJBbRyA2wXO0H7rBm/+tS0e5cZSjsefXt9LNIS7FiTnrVWBzLJjJOTiobxWht1lwWL8g9gOgrV0zSrmUQTRhIROu9d/AVcZLfQA07i1KuqQERtsyRgb8dATztz7cZrofAes38uzS4mAM0bwbycYPLH8cnNYgcRllP8IwGdeV7lsev+Nanw9WddWtxp8ELyyMFWWTlgzk72H0UADg9c96QPc6ceEo57+00a2kdLNIRPdShBt5OSc/8AAfTpnp1r1j4UG0imFr9ntoxtC3ElueshYYDH1+nrxnmrPh7wa0Vu8ZdZpbs/v7g4YqpAAXI4PTB/Su9+Hvw/sNHn+3SQu8joqS7ud7D+IjuefeoirM0k9Dv9HigWBIlHz7d24cHjua1I2nR3AwwChhzjPY1BY2ltFI5CeWemQOnbmpmJVTn/AFi88c5BrQxIdRdAj7lAwp4boDg18c/tLXF5rF9dz2aQ/ZNOaKSQH5pMYIYshGNi7sA8819UeN7qaDSbm5tQjyogwrthWAOevr2+uK+NtW8Vfb9fuHm0i2imt5pI5RHMRLLC24EAZx1BGPUjqDiqJOas9Wa4BSdoGt7oyLany1aKOQDdGmBxg8g8988HgY8Qh0zxIv8AZiPa212R+6cF1iYYOBnk89M8gN1NW/EdtbaXJEYllSCVcfuiu6RSxKhlz95SSCQeo98Vz51ea2uDbyP5ka8wk5wp9eeTkEqR6GpZRr+Moi1mJQyHIB3L0yDkHnnPY/1rN8FSXc15LHbylJCpbAwCxxXQOgu7Qu8K7yhMjMfkTkYIOfXOewx9a57w8kjXE8lnGFfy9km/OOWAxz646DpWe6L2Z3kVw+6NZrcRMUEOM7YnJBxux0J4I75HHSvNtehEV0IkETHkEpIH4H94j9DgcetdRq9zcvpLubULKBtDsxAb2x6qcY9zXL2sIiuUeYOJAx83jG0546nnIz6UIJLU1dF0+IiGeRGMW7bKGABORwRg+v411F/c3ekRW1vEjRvMnm208TZBjDZAKnsMnj0Ofes7TbuJ0FvdF/3qsv8AqyHEhPAAzzkDn09D3q+JA/2hLR7u3jtof3sC25J8knG5OoyDw2fc4701qD0Ek0uW/vFVrje88uQMnarHjOD26D6YrY0O3ggVLCW4HzMuUkBOB1H6dcc5HSqMV2TpouZIlKPsQsFG+MqOcY5yfU881H4h1GK7dWnaaO5QZaRduPmAIIxywON34nGO4Cdjs400y00/bJeS+XJukjeGYKRsIZWXPDbT/LoACa5rUrq8l1aFIYFWRuG2jljkjjuAwIOOxJ6im6Xqn2y4+zT5iErbiSNykEjLAe+eeO+etL4jvore/sbi0yiou0LH83ByVXHY5Bz9TinsDNM3djZ6WiXMpUHaCd/zxgKcHA5B3Ngj1GRWDPqdyuktHcKGnafzVjYfIiZ6Y/u9cj34pur6k00ks93DtcuXPmAZ54Ix2weOf6VFY3TzRRpN8zW5KzMyg70bAYn1xk8//WpCIrbT4tQu4/KKQQR8Els7dx9e+CcZNd5o+lTHUVhgeJXBBQvIvzHnsVx90E846cEVx2iNBJqE3mWzFd+zZGeTyAMH64r0zRbB/sLTXD258nE5VnwJI1IUcgbRyRySeuMck1SM5bmppyRzPL/Z96LWX5nUlFYxqM8rz35GSDyO2K6+CW6srS4S9eBoUaJyUTIG48ceuCwwT356cctp025lLo6vIzFmhtt2Y1YnhRxnrhenHpVrTJI7bVUN3AJrKR2b7PqDKuV3EszHGEkJAwSPXrmiw1JnZ22rq6EmOSfLYVTGcjB43AkkZ9vQnqMUifbIjLqFzGbaScMs0ar83l84+9lQ3ynnk/QVm6Vc2l6uyzNw9zErCONDtDKCCVfJyMEKcsThRxnpXT2ds5t7nVLq2FjYwRpIk0xJaSVNxYL0YrksMjaSDximoilPQ5O0Esl2Tfx214ijcDbReWqgdd3T5S4HAHUMcDjF7WNNklgjs7bRkNwhCWzs+POTbnaW5yAQuEy2DwCASBLqWp2dw0thHaXE0shOGyI3MaAuYwMAkgBcjng8HO2ljvNWU23kNp8clkjMph2kLD22b8uTnJ4wT7cmgWj1PL5GsbK1t4V1CYxNJgvOoyH3bSh24xgY74OfxrcjANmzu52chXChNwwTk84OOg+tctcJFf6BFqTZ3IVgXKmRnmbHzNjlS20AHv79a2fC1pOln9ne8ieBLgW4QyFwAAflJOMckgjoDUQfQ0qJ7ovpZYg2xZgQviSQjaqBF+U49cEA8kdcVVv9PN1dSm4Mpa12ypGuFzhc5JHPHH4kmta7XymeBN42sWdHQ88AkqMEgnJ7Yznrmq5u7NHjktGSVCBLLtwpjPRQQcYJ6cjuc9BW1kzDXc5G7murjBHlR7oiEjhO1tpI6kdTnjHGO/AzW74duYtE+bU9PZrx8+TOgDbTg5DYPIxkE+3OKdrNpPdGOOJbQSGRmaaNMjYxwSTxtY46c9+cVheINeSzsIw7i4jNu0E6AsclgRkkHG85AA74NZONjaM1siHx41lYahe6Zqd2Gj1CB1chhtmYn5XXCnAUHcBgfWvPdM8NQwJsnt1lBjBV0PKsec5XP5Z4z2Iru/DXgTVfF8x1fVrf7BY28ZEO6X5beEHJAXHzHk9MZJ/Gt61ijs4fsttcrPaq37plUsVIUg4zx+Jyfp1CvzFWUTl49L0y105ppJRE8ZXzY/s+fMUHkhuhxnkYBz74rm/EGlwssgW3uIvKDKrMg8x2PIHHA+vXFegeVemZ1uAiRtDu2SyeWSm4k7VB5JHccfWsG+tbaRCnlRxyBmA2klST/ESPYdeuNv1oUbA5X0PKryWVLrddnFxFk7sZ3MPX69DTrpXXSVlj2mKXGMHvjkfn/LNdjqfhg3Ejq00eQTnd8uT7fl6CsK/0C7tbZUW5juLYyN5TISyBsgMOQME8VRnsc1KXmV3lLSSsAVGOMdyf8fWphGJIEfzJCQm11ZchcHjnsK1Y4rOJkeRdhXajZySoIIJI79f0xUUnlxWxm88STEFJ1I43A8N75HWmBlNbLKzEhYdqbuMkfj6Z/nUcYVICjYZWYZwPmX6GpJ5vnMkYdPMQqyjgfh6iiAq0b5h3cA8dPr7UhDLVmQ+YNrLGwJUn/PpU/wBum81jHIwj3lsHvk559arTv80bB/M+UKQ4549fb0qMfI+JF6HnB61SA2RcNeKUa5YsW6M5289OvA/SpxeiOWJ9ohGFJjVchiMjP15NYqIxTzFICk461dtkV0IldFYgFM9Pz7e+frRYLl+0KPHLZuhct8qFTyOmP8+9Q2CxbwHDYzhiPT2pojuFuWjZsuBtO0hsj8OD061c0+NPNeNlJZo22kNjce2DTA0bKdb3bE7O0SbdqGTCoQTnr26nFRX8bJqqzWRDBgZEBO4oAcfjng498VTBKMWeR9x5O3qeP880+G9kiuY7mBz5h+8DznnkH8KW49i1qTSIvmzrtGVMbx5wQeoB4IHTg9CODzUEVw86/Y7QO8TfNJvck5z6kAD8c/WtrU9S8/S4pBCk3zlHR1zlDn5RkZOOOpyPyqvoljNprLdzQSqgOS5IAIIyvBGGBxj0z3oH1LcVgtlBHPawSNt3RyGOQxucAcYOQTyDgE5Hp2yfESQTtGsivDdDIWSSL5XQ/dGQOvbkUa7qqNqCzW0DgqPmk6ZPPXb/AE5qazliv7qUX2pSxARgRoo3K7YwB15+vJI/OkDLWkaRJJDJLPaeSioY3UqQrg4Jxk5B7/3fpXP3l3cWySWUMtwkKSEAKxUkZPVcdeldBqmqT6X9nWO3jYSR5jOQ6k56Ag5Hf0PPOetULG3ntLlJ7+1jdJXBKshZSD256Ee5FMRSSG+WZRBZy4TYzPLEcg+6nk5+taNtoN1cy3Eb3C20TnfIm5zv5+6BnkDOTzkZrQ12SPyzc6RcWRljAZnDHeoHAGXG4NkdienFc9ZNql3L58pZ0lBDOzfIeu4M3bPJ55PWkMs2GmRwX6iKYeaG2qYirhSehIbgqc465zV57VtztfTG3XACFiA5I4OCTk47hjnmodOid47VrN8pyDhQcAfeLA53enQYzmpr23u7qKOeLS2QA7GlllVQrHPY4HTqT+GKaBnY+DU07Qr2DUBm7UMCxisQG9sYI+u4Zr6b8D+J7C+sFaEXC8D/AFsXbuc/418b2ltqMt4sN3O0M38TW7YOMcP8nBwOhxXdeDPFA0y6WG41Y3kQ+7JcAFhgcgnJBwO3X6UMFodh+1P4kiLJZ29wrME52P6g5B+mP1r5uSUsFYnJ3Yxiuq+Merf2r4iaa3nMtuqBEwMADsAOwrldL0+5up4IFjkUsd7MOgTIGfw5qLGlzobZbe7gt7KaQBEYMSB/Dj/Gu41CbSI7SKK6AVoY9o+bBIIzgfgqLXDWuj39lcR7oyZS8sZXpwp4P6NW94N8L6hr2vwf2oG+zn7w7t3OR9eKNhmpongLWPFFzFe2NvGlreS7pZSM+WoHAAPboB+Bq98KvCN5PrSRTaJGTBKzGQXJMgYEBvmYYA4HGD0GK+pvh74ch0/RobZI0VcDAAxz0rP8TfCi2m1mTXtDlksL2Vg9wkfCytnO7HY/TBzVxIbN7wfojR28XLpsOcN8oPoABgYxgf412KwBFyq7SO4FY/hWLULaFLbVGczKOHLblceoOPzFdQgUqM4INDRJl4wztlSwUAE/WmXDCSdHX5v4f/rfzq9fxBf3YGGbnK1TnifyD5RBkA6VBRzHi4wWmnTrcbtjAr93PB6//r/wr4v+L/hq1Mk+paTJNAwuTFLbyHKjBJ3Ajgg8Dj0z1zX1944ju73w7dCaZVZo2Dt0CAjqM8cehzXyN4s+1m+a93TRI87NFNEzCdGydwJHDrkkgdcHHGKtbE2PPdPuvtFi63iPJHG2AQ/zISuNwPcYXH5etVtSs3eBbmMHrsKE5YDHGD9CK398LXbw3MccUEh8szQA7GcjOTGfuMV53AfUHmmKlun2SzuLmNrKY8ROpByPunIHZj1zkqT7VD3KWpYurmSIK/2UQlLZU2mQrkAEADHUEnJ9SDk96xfDYSSOBQAzk8R+YQSAck+mTjp7Vp6nJNaW81v88jMdoLElo8HnJxnduz3rM0a4nRBIAyJFnoceY7EBvyXFSUdTdGCSw8y5gWYMjuHU/PjHyAkcAhu3fn2rlroRz3ibZJZFBIzNzIyjGDnoO446YrRiu4orRpMDyhIFkTPX04B+uOlUrm6W7lkvGIjKEkCX5iw7Y4HTAGM/hjokNs0bScx2ar5kjwbS0jDLRptPBz6gt1/2gPWs1gPt9hCtvg/Oso8vD7X4IJ/iABGD65q1YNdTWj2MQEjMQjg/IwQpgKo9Rwc9+M0XEkLXkpaSWRMhmCptC4IXvyAOBk+tVsSalhNPYwhpJfKlcCASqEYHBBKlSMH7rDr2rP0+wS8vAsymPdI2DsCEjr0wMHHOKtazdx+bDbx3AmZTtkJiBMbHapXDAEcgEdiCc0uiTrBdzFLKNiGklit3lZRCV5YqOvYqAfbvQO5e0+0hXUAIk2tHHvRWxkZxjp9ee/SorC2jmmuBIYTIIZPKZnxgoMgD0PTr2IHWm+RLbaW7tbGZJMhcr8gwoUOe+DnB5xnb7VHHJHKYZLlRshckuUyAuCADjryQc0IRUgjWcPLdOzKzE5kPIBYe3POfpg+1BKrDIY5EJCA+UDgMuCrjB78/TmtSJIrl5NsW77TsaP5jkE5LJn+WecZ6lazddgjS5RopMp9mQs24AnIz09wR9f5AN2RLokU80xUyMjEgk/d6HIye3b8q9E0tbW4t2giijgu2kwZ5p8oqMcZweCRx0FcH4Zhack70wWG7cvHPHP4n9a9T8JaHLEzCRhKIxj5Dt3YJyu7gA8dyCTgZ7GkZs6XS/wCyYLNrGbUILea2YmCVMqjjH94HHY++T6nNF295M8Ztb6xf90s6ltqS+YeByyk54PYY7kUabFp+nwqJ4ZHu1JaJo4T5aHAKnC5PQYwc4JJz0rY09NPeCO4e3uoneeQx+dErbmAGSQCuE3McICcZ6ZGSxGNA00WmMl/5Uc0vlusIEYdkPysc4O5PvtsIUAZwTXWXlxePbT263se2FSY5JokClMgq6YPAwQAPU8gjrXi0/SZ47kyXIV44P3gScyOSoJZlAGH6p83GMtx8vDdMtr6SZbkWxiiR2jUXT5dsgDaGOBlVG4cYLK3U4FNCe5LZ6TYJcpfabdxtCJA0gkVpNyjOJQMj+9tychcMBkHAdqUlvqF3svbNby8RBGEih2h8NnaNpOFHzY4PQ8kHFWhp6wXNvZJKS0UXlzxQgBkBDEFmHKnAXAwcZPHBzFexWrWoS5mazEUgTdId5wqnknAPbpjqMjIwQ2JHgcF1cwXYupvtEEbgApE2Y3jGBtPVSOCRn69ea2bHU4LaKOK6jYSJIj3ZQ9Y92c7s5ZgMAH0HJxWPHJBcaSsccEzXK482UjIQ7m7HHVd3Q4FQ6aIYLVTGgnDg3GSRtjxuAAGDnPHB6nHbmsFodVr6HqepXJ1K7mlnGI5vM8tlkB2nbgE9923HU4zjoa4e9i1WPUQ1558e25MlveSMVPlhQNqj+InCtg+px1qODVxb6PK9+VtbFI0ZHlkKqrHkKPUYPT16e+n9stJtKg1OHWYpEmURq/m+SwG3LMD0BHIJxxx3rVtSRgrwdjVuNQsvsCxLIJLyb7yKz4j55bJG0nAPOee2a5+/t7V75NM0uGPUrtHjmv42PzhFJO1mbIDbQWB7KBxg4rlb7xgy6/brpKx6jFG4Kx+aVRduSCxAPOWYdc4z0yDWxp1tNMo1HULjzNQnmZ7vy0YNklcKoA2gFeFA/u4PrSchxhrod7rHi9tUsk0TSLYWVkEUMr/ekI/3eQM4x6+3SsbVkYLCZd7bM4TeFwoGSATjPQZFV7eFxDsXZGXQBf3i5cZ+UBvTHcHr+dVJty3JLE/wqXOOc8/dzlgR3wAQRRcdtQQq/lx3iTwydZyQXGc8cYJXGAD1B5PFV5zvVSLOTy2ZvLBAJGeOMcdc4/yK0YY9OMcUrOG8obenBXB4YEnJ5/nVpLLzrHzFuyrFg0SuOB8pyMkcHJAwBjrzTJb1MBrKIXbOrtcRoF2KSFZieSp5OMc5xn8OtN1fS3vJGt/LiiDZHlkAHdgZUKT2yO/fPtXRppcyIk91mRZU3eYQflGPnJPsPQY5696laKARxZS7jgjbCuc4CndjGFBJ/wB44ye1NCbPKr/4eSl5Sl/Cdysw5zk8fKBnnJPHfoSBXNT6FrLyCcWZlWXgfLknaME5+mOPavctSFtdKttJKBCTvw0iYZWyeSM5P1Ge3uW2qW0ukJp17auo3bYWUqYxt4BkUDK5GeTuJx1GKTHHXc+fGtNl1Gl7E0QJ2shBUgeoz/niqUO+C+Cq2/DEKytgHHf2/Gva9f8ADmn3lh5v2qJh8ybpAcxEcgDBbC9TkDBxgYHNZlt8PG1Auy2M6eV1ZT8xPcnsB9OwPpmkhuyPKJrMBTM5CIwJXecHI/zx27ZpqRGRG22ysoQHcuflx1zXYar4U1O2uTNEFki4IkhH7tj32nGM+3c+9YU+k6jaENDbyruX+EdjwRj0oEZRtJYn2FSrEZUg8MvqD6VNb3Mtu2HSNgD94gHH/wBbtVqS2uokVpFc8YIK5x2/zmoZ7dkQkbxkcjHGPrVCY1nMdw5gLIPT0B7VNHdOcckSKfkI4GO4/wA9Kg05xHcLlc4PTIAOfc9KexHmsVRV46en+fWmImlZw5CyHDj5xjGDT9Lm8m5DyxmWMY8xR3U9f0qFfMBDrvzgYPY0+0uDFcCQRocZ+UrkfTFAF68NqLZ0TztoIYydwCehHT6GpLGWNoxaB5HDKTG0akkZ+8uPcegPI71V+0TWgSaKOWASKVLK3yt/Tp1BqGP54mUbAD83vkelIq49FK3DtbysmBgMMjJ/+vVzSy8bTLGFkkZAgJjJDd8eo+oqG1V4o0ldiElJAO7IODzn07UhdXu5WXfGxGQU4A9/woASdbu8vFdcXEkYwDECxI7ZGM5FbtpPcSWD2c2ovBC7BnjiYOykDhsHqOxORwcVk6TJDBvldSzEng4wcj1Pb361FqMUs06PBbxRLIPl8lmw3buc0hkkbztI0JijuGEmPL2Dk/3icEn29K1LwRW8cYt4P3JZW2rc5AOPmBI446dvf0qjYrLZ4laF5ZBHwWcEDj7pHXH5VpWclhFYSy3s8jXWR+7RQAMYxuYcqTnFAypp+kEXRmJFnE3G90U8Y5wGODx7/jUt1fXGnS+XGsGwspWVF3swAPzjJK/XHTtSz6tp1ui4sJGkU5XNw/mKSDn5gAPc4HUd+agjujdzRTXQfLAF5W5bPTdyPwxSBal5NThnVWt0uZWkc7yh/erjuUUAH8yap6lcWT+ZdQLPA7D5ojhOQeDt5/nXT2z2ccJb7VsucZjnWNQDj+EOOM1Qlhk1XUHvL+cMgba3UjOO5BbafrjPrTA45pYpb6MyuTFnORzgde/au/8ADP2C5tVkDxB/LMZAUABDnKn2yTg+9cJ4usY9N1XyoJAVZFkGP4c9v0rLt7+4tmzG5H0NIalY9nv9QghvILgnzlWRpQxAy3ybef0P1FbHwv1aBb9mmKIscWYsHvx3PUnB/pXidprF7OyLgybXz36nj9eK6Tw3Jf3t5NY2ZJll3FVB7ErjB6ccEUrFXPvbwncia0il8xSpUEY712UDRlMdPSvFPg1qtyfDViupKRdLEFlQjk4+XI9M4zXrljKpUMFFUiWapQMoI6juKQKACpXHqO1QpN8hG/afU02W6idiqtux3XnH40MQ+Z1yCvJXjrUDRszsQSSVp0hD/MxAC8kZqORyFOOB2NAGNewr9mmhuIgVAO5QudwIwcV8s/tEadpGh30VzFArfaWLKUtl3IwGM+mRx1HH419YTxsf3jyYKk7QDyQeq/pXm3xZ8K6d4h0tvtIS3ljJaKcwiWMjHOQenHB9qqImfI13BDf2EdzDLa3EwUKRbxFRKpI3KVAwCcHkdDx0YVm2yr/amVZPs0N0pCFPuYOAQB7Ecjn24rq9S06Pwv4tuYUlVrK6GwNDKCschGMbcg8nIPsQfWq3iKyjt9QE9mVK3xVItq9Syk56f7JBHY8VlVdjSmrnLag7TWr/ALpkAlwzMeGBL4wfbPWsfTk3yNEs6QrKxVizZ3YAIAA9c/hiugWzEELXs0atFlmWMnrkcAj644/lWBawvKoikjAznBCZZSMkY7kjI47j6VnB3LmhJEmVpVAby5Dj7oKvgnv9c896fayRo6xzRfu/lKttHXIJyTxjkHH8s062hchJ+TGrlnycY5XPHYHIP41v6P4W1PWW8rY4s2ff5hPL5YkAepxjJ7cim5JbgoN7Gdpc9q7Pb2byxohDhZFXBbI5Xrtz6Z/M0raYfNSXPmSSq2ImBVXBVvXHcY/EV6RY+ELDT2itGRlXGSSo2njoc/jTJ9BWXUWhG5Yo4NoPckDnn0ycZrH2+pt7Cy3OGTyYZLhtRtzPIYQY/O6jarKP++SfXnj60u61mMgnuXd5H2/LwN3HP1+9yPT3rWvfDrxAYU7ZG8sljzubpx2Xrmq15AkFtJaGBEuLf5XYHIQgnkevOOnTBIraM7mMoNFa+1CK7hjscSxKgUZEhKt6nHY4wCO9Os0lunjto9jIGEbkdwBn+ak1LqH7y4kkeW3cTO6CRE4Vmwcfmep6DNU5rmezumDDKm33uNowp5GR34/UgVZGwRCSJHSQuAqIGSMkEFDlT/8AW989qqXeLq7hPmKXWMROUB27eo/z/hWvsNtcy3DSlraIpE7435HKkj1AY5H9KSw0zzruSaOEJFvJ+XP94+o9ePypol6mz4UhuN0KwpvZH+UgFcfjwfw/KvTLNb7eZEu4XiMjDZ5jEPkg5AGVz157HHNc7oNnJYwRStEXRQQMjkcjqD7+1blu8dt5X+mi4X9280Jba7Nk5X0yMgcHv7UJktGkNDknspb+6nWYSbzCVkPAXs3bnI69ie9PivbyF2aEyTA7XaEj5WGduSnOTgEYPAwpJyMU2fUYSjLbwT21s75kBlPyhuAOScqoDAf4k1nJeyCEhYC8bAhwzhuQwJYYAwvTgn0+pdwtc6UXM0epPcSFljnb94AFy/y5IZSQBtOfmxg5wOoqzbSxw29skCzriMkcABhu4BUqVWTAHzAEdMnmuTu7q6iRFDMMwgGNl3DA6dsdiefUZzU9rc3rF3LOqn5hHwNp29sdB948YzgeuKdyWjqdKvoJ/tF0baOPc24tFcYJLHHzbj+8A9h0LckmluVa3u7cGO2mm3KzM0hVSoH3cHACsCeuc4NczBds8SrnfOflDEZ3/MSVYnHJOeepP6WEuRFGlu5TewIxISGABJztHOCev0607iseTm4ijMlt5iOXXETIm3GSOTwCAAzduvTiuiGxbWMy2cMDQkxqyZCttx8/1OOeO9YmjR3H2Y3yhpJklw6bcqQvzKORyQzH8Otb8Oi381w8s3l2MWVz5mTwB0UL1H0qIxNZzZwHxUmu5obW0tQoRrnPODI7bd2R3CjOBnvnpisn+ydT8U6jG9w/nIIykWY4ocKDgF1TC7j3bk/Wu+1rwxJq3iaa2sWZrqC3Uosb7FK4IKnJwDyfTr703T7KTSgY7nR0tmC4MU4aQ71HIHOQeCfp3xUt62RajomyhoeiDT7Eva2okMQO9zIMKcjrgcDAPPXNbmmXF7aX6zR3eZInyXik2k4bJ2sexz+Oarwu0sE9nG7eTM5Z5CzBSBnGMk4+g6/hxZOmy6P5Z2LGo2n9xNgoDzubvu5HB6Uijq9Z1N7y7ktNNs7ayQ5aZEMbDIIJ2+YB5YzuOMtkZwcDFZ40y7jae1tpNPu5d4ihIcF23dWTBK7R6EjHesKea7N3sjmcxSODIzkEpn+IMMZIzz0yfpW9a6dZS2s7qJLuNkIa7WMosbAg5woyh6qA2BxnknFUTZCMmpxWltcPa+Uiwlm8tWKyFXCZLqMZyeQG6dvXT0q2a5aS0u4AwjxLKVUlVVuOG+8T0wCB69Oa2tFt7lLOOeGBp7WOLdL5StuVW6tlWBOcdB2wcDFZWpW9jbyR6hayidZW+bDOY5EPUszHKlQMdvQ0XaFyplycXm29voI4RbRjckjzEKFAADJtJGOMljkcHpnFY15fJMkoml33W9i1wq+YspPBH94BQTxjn8c10ttqhttH1C6bT5HgYOqujjbjk4I6BQD93vxnPAHOaRFJqKM9jaCa2ZhMD5W3DbcOMpg7cKBjBHXFVzMnkRUeawt7lHSGG6EKA7mXYZCeeCQCOeOAeh7GpZdVsLeKXbBNGrL+7jDkF3OeVXdnC8AHGcZyam1Hw9ceIL+4W8tHRYWfAYkhF5IKY+Yr1Iz6EZqHSdJXTtbOnPa3E8iJuADYQDK7gOM5KgDjkdRUScnszSChHVq7JoLVLq2SUadHE/mpIryBfMwcbUBbnbkjJI+vFbV9o8trJY7oBLAjsI85VISR82CuMjPOcEYHAFV4bmG6spyNPtpEYANMZCCihvmODhunUZB4B6cHVvkmuLsDUJJPIVUYsiLidRgqzNjC9xyAexHetI7HPPc5zULGIeYTpm6WVVaSJoOSD2CjlQO5zgnPXGKzbvQ9Ni09TZOTIwEcu0OfQ7GHPrjd2OPx7CO2tokvSzRuJQWLpuJQcEBGTBDYLMwGFAPfNWJbXRk0CSUxGWRVWLzkndAdzHGSMhSQTgAcjoBVWJuebSeDVaBpGdgwl8liUJWVyM4LEZbkc8dx3Izkp4PsXubiOX7PaxDazFpeGAGSo6c/h1wK9P8AEGj2skca2sCtOoWOLYzDKhhtIAU5JwwJPXbxk81S0y2l/s+WG8kgVRG0wZV/eqxwMDknnHQjPzMe1Kw7s8g1bwZYQsPsIvnmMg+ZoWRCcZIAIycc+/THXjL1PwZPFGLkxyKskgVMjqxz7dT2Bweo619OaR4b06+0m2urm5S5nkT5NspZTg4UcknjABAxjGBjHOTq2mW0d1ENNRIRKGjmlZg28KQoXJGAOSdxx0yc4FNoSknofNN94T1mxLbkR1iPzhTuKZ7FfX2xxWZLo2pMWKW+4KcHYOBX0Hr2iact3NJpd7Ghh+Vo2XZ5p4HDAYIzkchR/OqN94c1O5mW5fSnmMsYbKhGDr6gg8dOtS2ylY8AeOeIDzbaTaFPUcemf/11EEAKCNyd/bGCD9ele3XHhJxtklgSQM2fLDbc8A4z/ezjjBA9aoDwlbzRAC1WU5LBim4nrwQucZz/AC4pXY7HksVy9rIqOdy5zs3YB/wNSpLBvBh388qrHke3Fehal4EtyHK2Lrs279rD5DjkHng5xxjvWDeeDEyNktzaAAkCZNwc542sBjoc8/4U+YVjOuxHFbRzWMiHHDDOHHPQrj8D1zUGn6VctA12tucZBU4wDnPT8R+lWdQ0TX7f9zzdxKuFcIRlfqQCf16VRXUr2zgaJ0mjIAKhhwCPTP8AKga0Ld7qN3bqscyNHLkkNFGvPY5Pv9B7isieSa4UvJGVLNyQcZ4+vNXLS4ae4S6edEbf94uOD6kDn8aWa8fzxI8hLvxuBCgj+WOKAuWdL05AIzviVs4AZwORzjkjGQeDz0qbWItOaS4Ee5plwVkRxJ82Pu9eB656GsC7YTTkMRtJyCR0qewKKwwYpi3GHOCv40h3L1nrV0VaJJ3hVlAmEYI346FhnOfemzXcbRktOYZQFIGzJbnIww/kevrVG4aGAJgx7w53xMCOnuDgg+2Kgilt03M0LPwNoDcLz6VSQmyxqxkvNkso+fZj3xng1jsp8wKcDPGT0rXWWKct5cEi+hzn6ioZLJwwmjSO5iBwy5I/PHIpMaLXhW3EWrwTSHYY5RuDEgFehGRwCOvPBFelWMdvb6yNYs7YQoCzuFH3icBsY6A5zXM6LdW0djA0sIbb9xiSSqjGAT6jirlrdSxzSrHKAgwJORwD0Yr/AHfcDg9fWpZaPWfDPji9t9as3t2iuLZuCM4ZVPqD6EYNfQfhzxNaXEaRvcLFMOGUnqfr3r4nh1FtLmW4SISoxJQ5J2ccrz6/jW14Z+IWorrdsPtISMthhIwZNncMvoDzkHI5ouNpM+6ra6hmPEiOD6VOZYYsqhB74A7+1eM+GPGFs2nxTyYjwpZWVm2sD3BwQVz71fn+JdnZlfPRtuQDKp+T67ugz6Gi4rHqayGQ524wM47/AI1K7xqFVh1Pfoa8/wBE8eaRqsS/2bfRXDOCCFblT6EVfuvGGk2yyC8vNmMHDISR9AM5/Ci6CzOmKo9yWlcKw4Q5xuHofcVheIHUKUiUMG+V1bI/z+PFYl18RfCIk8ttUimkbHlRYKkEc+mc9zXP+JfGiSYgSe3tmcblEx3SY9lBz+YFHOkHK2cX8ZdB0fUoVWaGb7YkirG9uVeQg8KNo5IGe2eARxxnjLPwLrF27z3u2zjtpjLaSOPnDc7uPQ5P459a7PVdS1EK063dw3H3F2QhgOxIGR9OB9araN4tVpltZra4t2AGd6ht2eOCO/pxms6knLZGtOPJucpeeA7CK3t4rmN/stsG2Qq+0Nkk+5PU9+/NX9A8L+GZVH2fS4ImjKgYyxDdsHsePrXTanNELVpEjdZHLZVz19M57d8fnXA6Lcz2WoziSbaDKwLKpQOxOMKO4AGO3f3zhyt6XNVJI2r3wrZ2kk00tvaiFgS2UGSSfX06Umk3IEZgtPL2p/y03ctjsAOij8yeeKq+NNZeLTorberSyZZSDkjAz+gyT7Y9aw4njstEGoy3pMqbvLVT1bryfbBHpxx2pKmxuaOq0W7VtQktcYZuD5g5HHLH8B+Gfes/Xbm2sNVt4z80sswG0HA2gZIP6Gue0LUB5V9qeqN9lFpG5RyuQ7kYIyeM7ieOv5Vj2WtQapM15KGkmWNwQecDcApJ7ZJ/SqVHW5Lq2O18Q32mfY3uZXKQ+eIjjqrHGPy6/hXK+LoFs9QuCjNucBZx/CCVzwe+ST/kVieKJ44obGHczL53mtErcEMPmzj3DAH0rYa9fXYri0iSSQx/PHIWGAUTO1h3z145y461rGFjKU7nFakXfV4BLKT5wyCVzuLAYyB9AM/jT7yFrmCF7Z2nEsb+WpXlGAB79RgDj1x61S8RQ7NQILPuUMiJnlMHC/h2/CtbTbe/imh24jUtvwh42+npjIP+QK0Rm3cg06Yy2iWqiQkgYKsSB/jgD/x412vg+0vbZEjt2fc21owCMkke/wDWovAvh+Auwvf3RO0pMVJ2EEZ4Ht24r0W20oxSMYhHfqmdpDm3mIHJOOc9D0PbpihgkW/D9tpLWhs75zDcnbG6SS4Dxk/MysDjI5wCOuK2P7CgleRtNETrana6STHI447cBsc+nH4ZQsbFbZHth5NwT0uCVdmBGRu5UseSMevbmq9ubmDdc2r3SrjdIc7BkjHPJyBnPH6ZzQBb13SGjmUyo1u0gOxXIdCyADG8dT39axjEwYIjAgDcULb1PUAfgCfXrW2l/cT2j/aria4mbc6B2YkKoIPfjHJH/wCunwx2cl0kRW5CndtjTCZONwxwxCd8kZyKZJjzOY2WGCN22R7iQThlBAJ4AI/Ak+/rMYXSYb7fyo2jw8av1BUnuOD7+5xirttaXMpN3BCziL5wrIvy56AqwHHHvn+bL2Vbtw7yb5CFKszEc56475x7cnpxTuFiCB3iQWyssZO7c+X4JOQMenuffNHyy2pWZ445BJt2oWX5cZJGTjrz+HarMchF5IXuVVyMSO7MqqST8p4I7HnkdKSOOQzIhiWbaCQ4l8wNjnIPHABHsT+dO4rHHWl3DYXcDiaN4XcOsUbbMkZwfm4ByeoyPwxWdqXjK4lvRpWko1ySGDXUUbyC2VWxwuMMwz0zjpzVnSk0zVl1SS+0eWHXLOQ/YtPnkMdvaouVJlZRyVYAbe+e3Jrn9RttRNjpLT3UcX2ya6lmmThOJANrKOMc++B7ipcuVaFxp82rOr8FxajFb28z3dzBfSXsjpdNMMsir8zOm8b1xu9hjParviLVtD18SXltf3q3cJUboSPstycYO0DlTx/rACDjHIxjm7cSQh2uEjupr5cTP5nmFlDA4AAGF7BcAc1as45PtySNbqjLkDem5SP7pXAJ47DHt0qEzVojkluXthZmeVojgGPzASMDABAGAevPWlgkuGeONBuOQNgBO3HXjp0FdSgTUIjPIbhH2IGCkhxweQT1A5x6VXgWyg1NrjbFuKspR0AjiHAJzySfc98+tFxWK9stsumFVnjtyZlx8p3kjkhccEe5/nU1vNcaVDFceTf20T79hDBdxJ9MYxz1JJ59KuiOOSPbNpYnhjzkwHchHHJYHkdOM4z1rLuZ4re5ezaeOWBt2A0LMCD3APGPT86dxctjQu9Rheziklj1IqJWYXUxR0XCMpAJHzdVHJ6A8YxVzwz4o1QTpaaLZm5uLo7JSFV0YAEklCVIOATkZ7/g3RJWvLIxWxtpY2RJFjaVBGroQNxTg4H9339M1pa5LBNYQXtlYGPUUcEx2mxYiwI3Aj0weRnGeuaPUCSPUGvPOkWyszp8JQGziTeqk5yRyA5APAGSc/Qippunavp73Gk6WslxbTRbAoO6ZlDEsBtzt2kkckd/rUa3zadZm4Wymlia4DyW8T+bu2+oGDjrz0z6daktjEssM7QyWRuP9a0jleMjI3A5GePlx/CaLhYINQuNNFwllp6lXiUNJOxkKHOVbjryOhGOnFWILdZooppFe7uzbliEg2YkXkdSAcHkqOnt0MkVmu65tobSS5+0lShOCdw5JTkjHBHOOO1XI9PgWBJbxm2Nv81CzL5YK8KygYYHIB9zj1p2bJbSIGlFlOZJ2RDNu8y2hDEoGxktkYzwowOOnXGadazWS3UVzDbT3jlXDyKhAHAGCA2CefmOOp5qaOy02Z2jF00sqwptw/yhQoyCSfXOAOcHA56w3WpWlvGkbyqIGhLqkcqmXkc4PO1euQOfzq0rGTlc0ItSAVEgQWWbchtrbzHHvx8wHK8ZPGPlA6jrTnnubYm2nR7qBnLtIqlWaTaQmcj/AGs+oOOnFZS6jdXEqiPMpChE+Rv3iBidvGGbryxA46Cp9QubaRJNlzkSRRhWOXdNuMRhc8Yz0PvyTxTuJIS5VYLVobf5pgXL5lcKqMoJAI4KLzx0HbsanupLLTtBitruyLSmZ1W2QnLDqGZjyOGU+vp6CHQUkjuhb3pl+z3DuGdIwGCNwQDznHPp1HWrWoMtxLEZrkgM/lKkpUiLBOckAPuzntg8egpJlSVtC3aX0A8qHTpH0lXBaa2iUyjAGN2HAHIUDjqOT0rLvdQgDNPFOyiRsKChZXBGMfNjpgZ653DsK0biGb7eTpkk6+WcW/kqQWbv8u75c4JIPJHPINVrm01WOzgeaUR28MrxSgopIc8hnx16EA9fwqmZpFK8le+ZpE0yzt/NQiRniPzY5AXsMDHPB5Oc5qCPTTJpxuGjiJeXebhjufGARx/Cvv3PXOOFvY547iOJRbhI4gieUNobH8R6ZbB+8QCQKt2d2625WOZ2gUsyBUBAH09ODwc9j3qS+hVksLrb5k+ZYCvzMpDKAp2nYc49ug9xk8utLK2eVbh4FFsHAERcKwK8YDH5j3OSMDjmr1ul1emWXGAu2NjxtUBTgduy5yDnjnrVea3ZZYpCqTBy6rGV2pgYHAPBBHIB980ySXVPsl5C9uqABegaPIXAAC8jkjP3vUjvXJanoDw3QSITRLECR+968c4z1J5+vFdXp6tE7W6eazEHY0eABzyeRyemMHitKCzhklUNE+7HzKZGBbHcjrjnPXn8qQ1ocRpnh8j/AEm5+zIko5idGG8jABwPkzx3wffvWfP4PtmxbSW7XDTuFgEZWROM8FT8345xjNdveRyJevcS2xkt8qdyLvyTwE79c/XjnBrbsIIbawS7uTexhn2wXEP7yKMbchQCOO44xnBGeeTluDZ4zqfwj0+S2a3gkA1CDBljMLZbI5GR6dgPXkVysvwx1t2jEMNwlvjh3YOoXON3HReP0r6MuL6yuLOC6urSNpTy0hjUsxJHO3hSeByCP1FGn6LYKk17aSi0Q42B43VpDgdQW2jJzgdenXnI0JPufM83wv15yHjRY97ERbt37wg87cDp3qle/DbxXbbN+nvIrkhCnJY+mB1r6r1T7Rp9vpsE1pMJFjBYjmNz1GQR27njuKv6bo9lHYxvPaWwnaTObedovLbHQY5AIHX1zk80ahdHy/oPwp1a/jAeNzIeqpgnPHBU4PfqM9+9dZafCLRoUt5LidkeQk4kjdQdo5ADAZyeOO5/GvaLuLTpECyCNETMYadXEkeMnG9P4Sec8DpV+Wze6SS7gllCQoqTGC5R0kHVsq+Rxz82AT700Js+fNa8F2ukJtS1WRZW2CWEMgBJwm5ckDJyBnHA6159dWl7ouqs8SskMh2nePlPfg8jPvX1RqGg2t5A8dl9luY5syIbKbypYwBwNigjkg9gBwK8y+Inhm/k08mWG9KREbop4APMJGd29D1C+v4+lLlHGdjyBZ0nuvJXy13A5J+X8SRzn8/xrYl1G4062jt03yJtZRJ5pePr2BA4/AGuTuVa1vZImiikVSQUkwcj6gjJ+hrY+0lLJQXK7owc7wNw6D5DnkeuaRtc2rXU7fyxFNa2U+7oI5fKdT9en9Pat/Qjp0VyC4uDI5HyL5cxIz6g49BnFed7/ts0cBZJMnGSoHPvnj869N8FaPHFGI2mljntwD5FmFBJ9S44X1OP/r0Ad3Ytbp+8g0yGzdm+d5ZgrO3qVBPPasTxRqSOrwmKKORRy0ZClf8Ax4VrTxtBF9pnuY5wMlkkuGcj64wB+f4VwfijXIwZlt7lLdUUgKhxnPuefy5NSVc3fCurHTYGFw7xyTAyrIyCRyuepOAQPcjnoM11UutLLpkJaCX7RIpVi0TEFc8EhsbQfy9a8e0rVnsZje3bWdxwJDHPcFivBwQgzzju34dq6ePxBHJpEl+zW73Nw4VokjOIlzjkgcHnHJJPPSiwr6lu5ujbXMszDzJHk5aD5ZHAGQqqSAAcHnvjqa6PRLm2gmhgs7eGGZzvmTA+XHdm6sM9TyM564rzG41fyb1Fa2gurrcVZWiJK+iqMgemSc9Mdqkvddu9UWPzbKO3tcGNYIH8pJGUbSzt1KDHsABgUrDctT07VNSaUyxWFyJSTjzAo47sTjjJ7D3HeuI1c3y63ZXBZ2cPuYjIEag4yQOST0/IDrVKLXY9F0lHnZJJpPmiSIADjoQvAxjnkVb0y/mneCTzXMix/IEyzNOSNrD1A3Eg/wB7ntSsPmOl8RXptYJbGJ5J70DdMc5CkkADA6Hk+/pXJ210sa3l1Ml1cNF/o8cifKhkYZCgnkj1A5x1I5JzvFuu2mnWEGiWEqTXSs7TTFyQGzgj/aYksT2/hHQ1h6frFlJfLHqLT3SKcJG0gUA4JOT05PfB/kKajYnn6G/r9xILK1kuZ0kuZIzGFU7mAzhjjpzzz0644GTTvL/7PoH2LzI5fL/e4BOYWYsMsccvznHOM9sVy/iXWWu75zZIkW4ABUGQF44xj0C9c8deTTWfUp8zLp7xZIG4qRjtkD6dyadhc1xdV12W8gi00l4rOFhhGOMnHfsOcnj1qwpk0m04nha4dgJEUngc/KR17nPuPaodK8Ma3dNb3cVpLLDHhjMpyFbdnHTlv8BXcaT4J1vVUQNbQaep+5vU7z1Ocn8OvrnnmqsTexxNt5l7qcZuWO4FUREXc2QAee2Mdas6fNceZHbwG5SWSM5ZFI/f55YE+nTPt7CvWfDvw60qxkkjWT7ZcuMqzOQSOhAwSMjGOev0Brq49I01IpEt7CyW4yoG4MJIvU4J5B78E9TntTSE2eW6R4PW6ukv5PN3SoMl13KDjHOMAHOD/vE5rpbfw2qB1jgKqx+VgeCR9e+M11UlsiAKhlP775BvJjHvtPU5z17+9TzQTMkSSTCQopCliQQDzzwRgc5H1pWHfsYFlossAI2GUqQuwL8wY9AOcNV1obdVRWM0soIQoY/lUZyec9fbjk4q5JA0McbNlWlGCRncBjHK+menOeOla6s50NbKNG3Tu6rKTk4xkbjjjkdjjtQFzBmlnmiWaNVVYAF+UAYbnb8oyADk4wP8auWTW1xaOWuJEcEbUlkABccYxjHA+mQPXiliH2oma4VElX5GKjIHTDEAYxnnA7A+uahntVUyMDFMyAE4bIOe49TSsO4jy2+/PmNlDjLjDcc46+319azriK4n1m2uort7e2UDzI2TcJQepwDjoTWm8cZtGlZIpGwNuOCuc57c49eCPfIpVRbtitlGFlQE4Q4JQDn2OPT3PWmFy/b6tqW0yhI7oiMKAy5dEwQo3dsdeB171pWcWiXGguAyW8wBkl3EI7sDgCM84B5J75x61kwoJI1medZ3IPTCiPGeM5znnOM8471Dfm3jmaa3SRMhtyvsyTj72D045wM47dBRqCsX7ew0mZY123qStIPLRIzIX47YxzwOuCcmhNGubdisErzGQsN4hIJwTnK5zwRyPYnim+H71bKXfKjeW/ykNnnj2x9OD0J+o6LUtbtyYzZSKCURWBJXBXHHfgY4yfTGccoGeV/GrW9AvvGUtv4e0vRrBLGIwXN5YXnN0cDCjaAvycA5BPBXJGK5bUr7Wb3TvIcfZbSN9tsHKOCzBWOXRc5OF6AZIPvVHwvBFc6tFa3saRiRWCHYMxDGAQOBnOOK0/Mhs7OO2lurZJkJYxqXwxDZyHQbQxHvxt9cVLXNqzVPl0RU0rT5WiuHmmgmbzPnYrkKfVSeoAzzWkltJ8rq7GInb3wwH94+wIIznrxTrMaehNtJMimSMFVJKqxJ4LMRtUkdueDVpLUJBHLc3EP2e4dow4lx5YHXcuCQDxjjkYHGaEN92PsZjYhi8aMGIVt0pV8dc8cH/gXPbpUZV72UGIqWbp5b4zngDLHgY9a0719FtJf31/ZR3DqjbEkD+WRk4YY+X0C9RwMVRXU7JIt1vduswBxmIFev+0CMfhzSbQRTZqWVr4gso4YEnns/tkigokRAkAOM5Qc8Z6Zzj8KseIbORXmm1GWXEWAhkcIgY88gA7j2+8cenarsJ8rTI7iQxO8tuW3PISIw3fg85xwOnNYWpPLPqEiDUZ7yzDbRM+9UD8dEPHUfoDTSvoJvlVyxBDqTQGG8cJaybSruNjHAPXA6Yxyc9BV2W2tH8NSLbs0fmHDgTgjhuO3Qd84znp6VoJf3z294Umm8nmbP8II49A3fPWr1rZL9hKhFQhlCMw2qCerHP3jjjpjn2oem4b7CaR9kS2McjyMiAJh49jKMAgA4yBwegOeM1LBZ6dJc27L+7EPmFcBkBY43DA+9joMj+I5pl5f2mnSwQXd9BAFxtM0/QkY+ViCee2R+dOt4BGW+0FEDDKSKxbqeOfp7DvQmJxsrmrcXksyxy2jQR+UmxyoUgKMDagOcckHp1FFlqE/mSajqjySTwjfkvgHbwNwwQQNwGCMEn6VSnha38xvPSOTIQ+bFvbkHAJPQfXgZJpJUiMgmuLgsJwS7RsJCSBhjz05PGc960uY2ubD31n9psrp1il89Xd38oMBtZhwoX5jggBsjsMcGs10sJYJ5I5Y8xsrlCSwO4HI3EZGCcDoPXtl9/P8AaBaQSrcrakbo5GQBWIwCVYnBHqM8Ed6pXMbvaAR/I3IAi5z09RnnA68ChsFEu2tq93dx2huPtDTMoTy8NjkDgjjHODj17c1JJdLbhoLmPzMZWMbtxTBORtJOSfXIOSfSqdrbtBA08d1ChbBSIMS7nPI45UDPTPPNSWlgsqNgAsVMvznYrLk7sZ656cA9KQ7GrZv9st1NvbygQx/OTL5Z25b7+0noR1GcdepGAzxJeTWdhcGWNkEZKRDrzgD5sfePGTz1OMVH9nuYIVhkSOS4aMb0h/1mzgqH4wOe3XgZ4qS3iuGs4Jp8yLNhIgwztYEjAwOOO+OuelO9ibE0tx9hhHmpIbwq0bPJKMhscjPqffPGfas+3S4urC4tfN2TJiQYyVLqcgDAx8zHA5zmlmltoYiouVkKtj5sttYdAQeCCc4Hv7VN4eRpdYtpFt/szNIDKAQMtwcgHPGSD7cUXuFtDGmRySZRJuDb9j8AEdjnrjp+JzVu1t5JFXzUaMM5VndumQCoB7DoD+WOKt32DqVwsKSsZJGyuQSORkDB7n8KrwlUSQMGCq2AgXhe+SSPr2pFdDVtFWYRrKY5FTcVA4cgZJbk5HPqOeBWssMFnbTObieeQHaYkxG8rnBAXPJUDr6ck81nRxPKpuRIpO1WZnQgbR0KuM5JOQe3rUz6LOskV7eTNK2fveaW2k84UY6Dn/PWkzNoxHtTKyuvnB2wjM7HC5xgAHkcjGAAMYNXrhZbUqUAMr7lbygM/Nj7oxyDg/iTWvGUnnaziWzRWQJGJI9zPznsMkckEmo7iwvLCNmW1064l/vxkIVB4wvTOSTnikVdE2jRrOsOT+8kjLzXJO5oQP4FIPU5A9s/SjxCvlTuWAS3QGNhHlZGwTtyu3HTGM5GBxzk1Su7N7PSbeI2lvvlk3SSSKQAvHyKRnA45JHOOPWjUp7uxuZGYTvHIMugZizscHO3OHAHfOPXpiq6ENamcNQvjNJBbKpjHVUX53HXJI69Oo7ccDirulkajrFtuiEGGEkjhMbgvzDCggcYHf39qpzRwvdGSy82YRfdk3DzMk46dD+A71rWkF3DbNchbV1dXCSld7uq/eHoCAD1POMUkN7F+TU4tQmg07yZGVZSVuIJQf3eTn7+SODjg56c9Kvawbcy/ZVivojG+MpH5bALzzxsIAFc3YaXf6ZZf2lZw7oJ/mMe4K0cPGMDPBY+hHHHU1t+faaUSWa2jvJypw8hG09SSvTHI4OevXFMn0JNOsLWNpdRkaF2bDv8hA2EcDCAjvk5GeOuBVWWKF48JpTXcV2NzDCkPF0AIDLu4zgd/wAq6BxDLcASeU5iXJdXA9TnK4yOvrxVU3cUDlrVrq5lmkwysoK7s8AkgYwAPw7UxJmRfwWU17Bpqac8cUMIYb41Dkk43c/MOgyQeuQRzT28OrJfIY4z+8jAKwSyI4HrwSvQAEkDoPatR4byDU0eSKb7PHI0gMDZZ2OQeMHHU/kBV+zsbdbQ3CvcR3BB2y/MN4OeCR8vA9h2oA8U8e/B+1vr6RrWKYu6NIzz7D8xbPzSIOCT3IPtivONa+DusaeXSFbmROgkKb1J/wBkdfxr63vLe8uZAkUlp5XlFpfOBkZ+eOR6Dd14qnfJNb3LC5hZ4dvytExY7gflGQQQOh6cetS43KjOysfFE3g/VbDAmgEcnOWyV2j0IOCDVrQrC3imM168VtGGAZ7hyHJ64wc7j+dfYVxoFpcvHb3drDNAgMsMmxWRJCedp+8vPPryc1ga74G07UUmXVbWCRYyGCO4dAeuAyqWUHHJPr3ApcpftD5x1O/tc/vLsMijcVe47HoT2/AYrj9U1GByWh2swPy4Hy59fwr6Zvfhl4Lu0d5NMhjHm+W2yQA7sHGM4rKh+C/hq581La2vlOeDHIpz3x6jqPelYr2h8yBHmcFIpNuPmfBJc/Xp+Fdt4JBvpxYyq8aLtZBuIRCARuPvk59sZr2O8+EWjRF5RPhIk5Mt0WwRnA5Ix69OgrDTwabKdVspGnUq6SBD5iwkggkjrjnrz3oYKSPOdRWwS+Mm2SeBDw23/WDnp9Tx/wDqqFHtZ51ujprTIIVS3jxtUHsDzjBJJOeT9K9HuPBragHinkRZJZPMkkRMBvlUj3ChRgfjxV+08C2OnL5U8ixTwfOREDvAxgZxkYOehH+NSNs8ok0TWtXledYlSLeqB5nxuz7/AK4HYYrqJtI1y309E0WwltPM/cxNCjO0aAdT/tnk+2SB2r0gaadNska6tbaQSylw4mDNFkjcODgEAnoO9bVrfWEA+yxyNp93AR80ymQHkg449M85H17VdkRdnh+g/DBJb6NdQeVCGIZZCMcepByPxrs4fh1pQRzFpSzxP8oMWGZXzgrj6den869VQaFqNk0l1ZyNLE+FlhlYSE+p/vHsBxyaq2wtJ7h49BnjVYgYmWT5WyASQH59zz1wRxyC7C5jhLXwN4ahu2aILbPEdyrIhCnAzkq4zzz0JHFb+jaDBDbGNIRAHOZPLP3uOAIycMp5464FbqC7mnCXts9zAzMfN8sL3BLb1yMH8Og+ta95babatFMJoobNh+7tplxlf9k8gc9x+lCQN9DmrmwsbWWKO2tIJXchpnRGhKk49cAnt8oIHetK4tdOkMMeETyUMRjlhKBOeAHXJLY5BGQcdcnFX9tyYWuUtkntiesU5lAOOSCeATxxntjtVm0s9PnuTa211tjlDOyRtjaDnsT1znp7VRBzeqWKfK32Oe2LOmREiusqg4zjruzgfXqD2rXVpfxJHeIYzG0Z+7L833iNzI3IJPBXFdjJoUSsoQqkZUBTbh0dgOdvBKjcepIHPPXpka1ZmyulaaC4ffhl8xkR1AOflLHBIGeBnOB1zQxp3OWRGNw25pRubDIyMdxLdM4ADDPTAHBrbitku0giM8hAG+RHhb5V5DDPcADqePQ1e8lRHOfs7+SuxgbpxIrseWdTwAef/r1et9FkZ1YKsLjgzJJzlvVQMYIPTH4nNJRKb0MGXR2RpUEcKws29Mssm3tnjPP4HnH4Vb2KSNbYyW52yh0CQM4wuRzgjnkEZPPI+tbT6VGxWGKWR5YnDOoiAbgYzk89vTjoc1YUNEqD7PhBCFEqkvISevf0OAPXJosJNmK1k9vZLKk0QkmGxflKyOD0UkkAHoCuPXrTrZLeyt/KltbqB2YoDOpBH8WcLngYON3OTjOMmuhttMtri1l/cCRgxHm7ACwOMbgevA6gc49arzxajbyJFDeGa38sApOm4EjGct168c889KfKCkYV1NYyXMkiW8Mck2VmUhVU5OFIYHBxySOBzimv4eS4udlh5sO1S3RTFgjPGTyODnGfxNa5+wteBrTSirFGilkkcCIfd3HkEEc5BwDyc96uW+o6nb3M0lvLFHDEoQQNHgFccknsBjgAZ/OlYd7HO+TbWtgY/MlmnILma3T5sBTjgtnBxnk/0qK4tbi8jE/lIWZWR41WMyNg8EsTgnkYxgZHpUt9AkDCW1uPOkhbLneG27iDgADcuMnnpyOKSxFw9m5viRbp8w8iIkMc9MgZ5bjHt1HaWmy4tblEQSRT/L5iuTsCeT5gHI4Ykt+vPb0NWbm3jM0eETzFJQ70I6D5iSoyv056Z6GnyWN4935yzPIduWEETKM44ztPLZPHGDg1PHbyX8XmSboreEDzlkYkBumVGchj3HX16ipsy7o+fYIFtrZJVSUkKv7xF2fN0Yc856jPQ4NaOna4YLmbybuS1NzA1v5cVuvKsRlduCoBIBIAOcVJ4F04+K9aOiWsccE4iMilnIjPlruORhs+3H5VDaJFaJLcRrugVyhByG3bh6EZGfpWdm0arTYNZiikmj2P5ly2GBMYihROmJGJLORxgIoAPc97OhWMt5oJS8vDFcCby4YGVhAFHzF/X73HUcZ4oiv3iu7mJJpAu0qzFdxcdehOAf5djWvp8gXUjGUht7mVgjPDFuQbgBnaThsnqDxj8qewvMrx+FdKeFTqNpvnjY+bPapM+FxwMMwyR6DAxjqasweCILwKbC+uraOSJmYvIrFCDxhThiSOq9R0xWndzQQMt9NHJJdwAQjJVoymP7m0AMR359OQKdbItu0zWzyIPNUrJu+YLjP3RgZHHse4o8xptbEWmWUtvZtayWcFzLCmwy2qkkKDjDITlTnP/wBatXTrW3tbJYRYu1zGrlQZHBcn1UEq2Dx171bjvjFviVp5Rt8x3kkAcBsE4Kge/wCfbHNTUp5rW4lV5CYj80aoMFQQMDnp7/jQo63FOemo6KFN7i4slY7CUhihAKEYBbORuBP5VZjjSZlhnBR4d+5mkaSNQoBxhRksTx17joAKyo7xlhk2bmdkJyx4HOferME9y0u15ECkK42xjjcuaYk7lE2cE2rrOLWL7Wp3K5UsAcDoDz/n0rRguEKFjOom37/MfJBHc8c568fSmSKjRC4K8BsEA4zjn8qmVjstpNqqzgkEckDnjn6UJCcm3qSWdztuVlltxc27vukUNgNgY4I6cemcGqlzMFcAWZhUqcBt7k4PIGep+nr2qMSupiCsEVm3ZC5IH+f8ir0Ek7PIjeXsVSnC4PPzE5/TvxT2QrNstOlu8Gn2kishitSzMwYebuYvvAUHGBxz6VLEkL2wkt5yMEkqCqhxnsBgk9flyfUVmm7NwGhKKjRMSSBkswG7cT3PGM4ouY382ZJDkFQSittB4GDxjnnrSUk9gdJrc0oZmdkuEUW4UltkYAMj8/xH5h+P4YrRmsnew82xsEuZn+YHzTFHbkAhkbBONvYDJOfwrCjniht41In8xiACspCjPA9+B75rV0u8eWKWSUopaVY1Kxk4c/xY3/nzzxx3qo6kS01IrK8mMZtb2GXdE5VhESm4dd2AT8oPr2+vHTJFCqxpa5UyuhjlUbo4zg9dvBB9OoNZkMUd/pgkWSRXYFcngKST83B+bJHfoPU1aizbAqN725h2yKZSMHpuA9eOOeMmmtCXrsVb7TrppZWjYgTja6ZGQD24+6DwBjkY96oPaLaSxi3PmoOsqsVB6YGfQEHIPBrsw7mSW7uh5vkxqz/OcPkY5XgHgH3ye1UXvIlwFMn2uKPzDIybhgvnA545+vAFOwlKxRt7cDTptR/eKxYb8KRHge6jHrwfX8auXMaASMLCZQrbJ2cqwRQBtB6jBPrjjOeafdyLDbwJPH5y53HMhxjGcFejEHPJ557VBbRNEWcMQkkBmO07TtLHC8dskZoFa+pDc7Y0KXo3zxyDzAnQDtj1Iz9K0IpLeW1KRSGPep+eZskgH17Dp/hWRbul7cssK4VUZyZBkkg8n9KmnhkitVBkMmZ/Lbcccgbj06jpU3KshFsJtPeW43wNcOpVQsoYoT1IAPXB4PbNZdvDdyEyNFLKd+CX/Akk+netKWLfZ+bG3AOCDxjk4xj2GKvWaPLapPAUQtL5TZXkEFc/Ucj/AD1B3e5IUjW6RjcGVbZgCJIgis/twcrz1HOAOM5NU9WkjumjuZSiup2iUNh1PZAPTpk9KrXdn5Mz3QmZgN0gjI4IU9Cc/wBP51ZW2uLmaAGWBZpAM7YsKAVyAOT274/lVakWW5VRSkwEcUM7BQud+/nPA46nOOO+eeldA9tLFayRWt4gVFCSqoA4wM7Rg5OO49+lZ+m2cMMk8rZ86BQSycc7iuR+We1R2kcl/rBs5Ni/vS7SBmJYng8Z44BGBxzTWgnqX9b1HT0j81bWWOQMI4JItyqAo2ncepU8cckYPrUWlyyNA6ubSRIgI2R15lOckK2c+nOBywHaq8vyL5K7fs0vIhK5ChSRjk5P1Jzz9KdaW40+3S+ijQxnbIQxDNkNjjI4PuKLgloaNvexuklr5F1ayrMWiAhDCMjgbenXk8jt3pmnX84lEEVldSSQ52jeI1Ktg5JPfJ78+/ana5dtfahFotvALK5DtDDcpKWOVUtkjHt15rD07Vbm2eSO8mlnXcok53HKDAwT9Pxp3Fy3Oqg1uLVo4DEqpqMuU+V/KRMcE56HnJwM9K17GW705YLa5ks5WZfLRlicqSckA4zgcf8A6q4J5nuZ2sbZ3VFmE6tIRw67T0UAY5X6Y9udC88QXN2mzYIbowsC6HCE5IPH/ARg9aExOOmh3LXzRDyriNUkVDzgnYB1+Yc8ZHWq0l35xSCKWNkUEnzB5i8jG0jPHOfSvO7HV7y2uzLEwuJIo9svnkkSL2B5PQjr+dbOpXkCa7/ZwikcCGKRm3hMM3TG0dOufwoUgdOxratqlxBZqbB4oDuy29wS3THHT1JPUYFO0U3sstzdSWo2yyK0cgRYzkAgEgt83A657+1crb6pcCWWS4uZp0iCo6sADIp68g8dOMVq2+vr9iNtHarFBGh6AE5x+R69euQKV7sq1loLrtjA0w81TbPFkKkQGdrEbjjvnHr3P4PeW3jsorK0lfywCzSzsFkQZOR15ySfc5qe8nbUIrdZJHdWkVVyNpGO+Qcg44zz1PFVJmb+0ZXZEjeMF5APnVivHt7elFtbhfSzC/8A36yefBFKsDJ/x7g5KkZztwMknHTI681z0Q0uea4M0VtHLuCwHIjI5JySwwBn/DPety5tQlq5mJCklX2MeSQR04B61ky+HNQt7R9St7qCS1RtgEu7fv43HA4I54yfWmwijRtbGOPChxGsTbRFJIoBAJyU29QevfBzUU5hjEkTRG1IBjd0xJsj3DIJGSeg4wcdB61l+G7hrjVJIJndVmyyhAMK5zzyPY1aGoK9uZLob5VIBMaBAQRgdD1JXnOaWgNO5onTJJYpGgnWV5tgmiEaq2A3IAPTrkcc9ayLy3t44ntlt5UuFkcFfIwwwcLkjgngDpjJpttNDcxpPKJPviBWT5XQqBhsg4bOeRx/SnSaneTRyRsYpvLjGHeNVddpPfBz19qAVyW304RWqSWksypMdqllbbHnHzY7Zz3z7Vo2LXNtqkyTSxzWhwfPiG8mPGeg+6fXjueM1ZtdQjureGJ4mjEjiNFRvlGTjpnK/QH1qO/sxb20ckJiiDyEh4ogrDHQYOe5znPFOwuYit/EunQX8iRW96saME86QAsVP8WDwCCT68etai3ttNpqYnha2mBb5JRHIPQ46Z4PIFY+pW88ty80zpdxQIT5UygBSc7iDg5zjuBVi20CKWyTVNOCWqSdUUnG0jcowwbJ6gkEde9NEuxfvTJYyLFbCaN7lcM7wYEhH3A0ijBwTwzA/h2S0guzZnUbrTVvgznJgwDtAA52dwdxJx+dVIb/AFXT7eO5+1R3FuSQ5mj3MSeAMdhk9iM4FaWlahc6hPEksUKO5Yo0bMuEUEEeoJ+p/wAWGqI4J7UxyPaC6UJGp6EnBPXf1HA7jFVE1hbyC5WDUYCySlPKUZKEYY73HIJ4+brjHWug1zRJJV8+GRTKke5JJGO8Ac9R/XNctHptqLq51dbeGLU5VbfdInzPkcbgMBscckUO442epfsdMiNtFKbRluDgHc+0dRnOOCD6027tRbzwLbx4kLSCMg42459vlycYwe30qCJlFxEAm6Uvvdz0B+6CF6DoO1Jdz3scTXYlWRojg7sqMZwRgfoRj6UtEh6tksFrH5bXTyNuKfuxKjK4bjdwRz8w/HtintJp6R+Q7tHM3JRodqscjocHByO1VotTnWwkmeRnYSBdpA2jt2wTye9aNjOqvJcGBJJFJL5OOpxkHnnp7U1qDT6izWclvGfKnjYYG5MSFW56HByc9OOnJ7VWtra3isp7i4SeE3QwFKAwADvjoBwc8+/apTZ+dFFdvtaM7sIRz8ucH688VpRRS3GnExlGt/vStJw7twc4XCjqOf8AJdibnP3lmZnebK3KwxZVoECyHpkED+HnryKzmjeODdB9qt5MkmQqNp4wO2N231rsIba6jiimt5TEuG3P5rGQ9Qfbn14x+FZ2vpaJYzXaG4jm3LukJ3sp6DbkgDkZ5z9KTQ1IxLC1C2U9zJumgQbVkgc7Rg5O4c/qcdsCp7W7X7FKcNcWwIIicjGTjOBn1Gc568+lUYExaXbT7ZxjM5IwZNpyMY6YBGOp464NU5oAJDBHLNHLHmXAfKZJ69M/4VOxW7Ni8ES2jrCxik3hUbeWV2OSOe5PTI7/AEqpBZvf2q/Z4o4yIg3mlN5kX3wNwwfpVWwhuH3bJVIJywkG4OqHPTscite12nbdxM5S3OGDAKeg4AHG32OaErg3Y//Z\" style=\"width: 560px;\" data-filename=\"762ce144-d666-4790-8609-c78416910e88.jpg\"><br></p>','2022-03-14 15:30:48',NULL,'일반',4,'Y','2022-03-14 15:48:02',5,0,0,'as',NULL,NULL),(5,'sdg','<p>ggfg</p>','2022-03-14 15:38:49',NULL,'일반',5,'Y','2022-03-14 15:39:51',1,0,0,'as',NULL,NULL),(6,'hh','<p>fgh</p>','2022-03-14 15:39:58',NULL,'일반',4,'Y','2022-03-14 15:48:00',1,0,0,'as',NULL,NULL),(7,'asd','<p>sadf</p>','2022-03-14 15:41:54',NULL,'일반',7,'Y','2022-03-14 15:48:04',3,1,0,'as',NULL,NULL),(8,'sg','<p>gg</p>','2022-03-14 15:43:44','2022-03-14 15:43:50','일반',8,'Y','2022-03-14 15:48:05',5,0,0,'as',NULL,NULL),(9,'1','<p>a</p>','2022-03-14 15:48:08',NULL,'일반',9,'N',NULL,3,1,0,'as',NULL,NULL),(10,'2','<p>df</p>','2022-03-14 15:48:11',NULL,'일반',10,'N',NULL,4,0,1,'as',NULL,NULL),(11,'3','<p>sda</p>','2022-03-14 15:48:14',NULL,'일반',11,'N',NULL,8,1,0,'as',NULL,NULL),(12,'이벤트 테스트입니다','<p>ev</p>','2022-04-18 08:25:14',NULL,'이벤트',12,'N',NULL,1,0,0,'as',NULL,NULL);
/*!40000 ALTER TABLE `board` ENABLE KEYS */;
UNLOCK TABLES;

--
-- Table structure for table `cart`
--

DROP TABLE IF EXISTS `cart`;
/*!40101 SET @saved_cs_client     = @@character_set_client */;
/*!50503 SET character_set_client = utf8mb4 */;
CREATE TABLE `cart` (
  `ca_num` int NOT NULL AUTO_INCREMENT,
  `ca_amount` int NOT NULL,
  `ca_op_num` int NOT NULL,
  `ca_me_id` varchar(20) NOT NULL,
  `ca_price` int NOT NULL,
  PRIMARY KEY (`ca_num`),
  KEY `ca_op_num_idx` (`ca_op_num`),
  KEY `ca_me_id_idx` (`ca_me_id`),
  CONSTRAINT `ca_me_id` FOREIGN KEY (`ca_me_id`) REFERENCES `member` (`me_id`) ON DELETE CASCADE ON UPDATE CASCADE,
  CONSTRAINT `ca_op_num` FOREIGN KEY (`ca_op_num`) REFERENCES `option` (`op_num`) ON DELETE CASCADE ON UPDATE CASCADE
) ENGINE=InnoDB AUTO_INCREMENT=48 DEFAULT CHARSET=utf8mb4 COLLATE=utf8mb4_0900_ai_ci;
/*!40101 SET character_set_client = @saved_cs_client */;

--
-- Dumping data for table `cart`
--

LOCK TABLES `cart` WRITE;
/*!40000 ALTER TABLE `cart` DISABLE KEYS */;
INSERT INTO `cart` VALUES (42,5,26,'as',6375),(43,5,15,'as',8000),(44,1,41,'as',6750),(45,1,41,'testid',6750),(46,2,36,'testid',9500),(47,3,37,'testid',14250);
/*!40000 ALTER TABLE `cart` ENABLE KEYS */;
UNLOCK TABLES;

--
-- Table structure for table `category`
--

DROP TABLE IF EXISTS `category`;
/*!40101 SET @saved_cs_client     = @@character_set_client */;
/*!50503 SET character_set_client = utf8mb4 */;
CREATE TABLE `category` (
  `cg_name` varchar(10) NOT NULL,
  PRIMARY KEY (`cg_name`)
) ENGINE=InnoDB DEFAULT CHARSET=utf8mb4 COLLATE=utf8mb4_0900_ai_ci;
/*!40101 SET character_set_client = @saved_cs_client */;

--
-- Dumping data for table `category`
--

LOCK TABLES `category` WRITE;
/*!40000 ALTER TABLE `category` DISABLE KEYS */;
INSERT INTO `category` VALUES ('acc'),('cosmetic'),('mens'),('shoes'),('women');
/*!40000 ALTER TABLE `category` ENABLE KEYS */;
UNLOCK TABLES;

--
-- Table structure for table `comment`
--

DROP TABLE IF EXISTS `comment`;
/*!40101 SET @saved_cs_client     = @@character_set_client */;
/*!50503 SET character_set_client = utf8mb4 */;
CREATE TABLE `comment` (
  `co_num` int NOT NULL AUTO_INCREMENT,
  `co_bd_num` int NOT NULL,
  `co_reg_date` datetime NOT NULL DEFAULT CURRENT_TIMESTAMP,
  `co_del` varchar(2) NOT NULL DEFAULT 'N',
  `co_ori_num` int NOT NULL,
  `co_contents` longtext NOT NULL,
  `co_me_id` varchar(20) NOT NULL,
  PRIMARY KEY (`co_num`),
  KEY `co_bd_num_idx` (`co_bd_num`),
  KEY `co_me_id_idx` (`co_me_id`),
  CONSTRAINT `co_bd_num` FOREIGN KEY (`co_bd_num`) REFERENCES `board` (`bd_num`) ON DELETE CASCADE ON UPDATE CASCADE,
  CONSTRAINT `co_me_id` FOREIGN KEY (`co_me_id`) REFERENCES `member` (`me_id`) ON DELETE CASCADE ON UPDATE CASCADE
) ENGINE=InnoDB AUTO_INCREMENT=4 DEFAULT CHARSET=utf8mb4 COLLATE=utf8mb4_0900_ai_ci;
/*!40101 SET character_set_client = @saved_cs_client */;

--
-- Dumping data for table `comment`
--

LOCK TABLES `comment` WRITE;
/*!40000 ALTER TABLE `comment` DISABLE KEYS */;
INSERT INTO `comment` VALUES (1,5,'2022-03-14 15:39:36','Y',1,'asd','as'),(2,5,'2022-03-14 15:39:39','Y',1,'asdgg','as'),(3,11,'2022-03-28 15:26:35','N',3,'ss','as');
/*!40000 ALTER TABLE `comment` ENABLE KEYS */;
UNLOCK TABLES;

--
-- Table structure for table `coupon`
--

DROP TABLE IF EXISTS `coupon`;
/*!40101 SET @saved_cs_client     = @@character_set_client */;
/*!50503 SET character_set_client = utf8mb4 */;
CREATE TABLE `coupon` (
  `cp_num` int NOT NULL AUTO_INCREMENT,
  `cp_code` varchar(30) NOT NULL,
  `cp_date` datetime NOT NULL DEFAULT CURRENT_TIMESTAMP,
  `cp_discount` int NOT NULL,
  `cp_name` varchar(30) NOT NULL,
  PRIMARY KEY (`cp_num`)
) ENGINE=InnoDB AUTO_INCREMENT=4 DEFAULT CHARSET=utf8mb4 COLLATE=utf8mb4_0900_ai_ci;
/*!40101 SET character_set_client = @saved_cs_client */;

--
-- Dumping data for table `coupon`
--

LOCK TABLES `coupon` WRITE;
/*!40000 ALTER TABLE `coupon` DISABLE KEYS */;
INSERT INTO `coupon` VALUES (1,'test1','2022-04-13 16:32:32',10,'testName1'),(2,'test2','2022-04-13 16:32:32',5,'testName2'),(3,'test3','2022-04-13 16:32:32',15,'testName3');
/*!40000 ALTER TABLE `coupon` ENABLE KEYS */;
UNLOCK TABLES;

--
-- Table structure for table `file`
--

DROP TABLE IF EXISTS `file`;
/*!40101 SET @saved_cs_client     = @@character_set_client */;
/*!50503 SET character_set_client = utf8mb4 */;
CREATE TABLE `file` (
  `fi_num` int NOT NULL AUTO_INCREMENT,
  `fi_ori_name` varchar(255) DEFAULT NULL,
  `fi_name` varchar(255) DEFAULT NULL,
  `fi_del` varchar(2) DEFAULT NULL,
  `fi_del_date` datetime DEFAULT NULL,
  `fi_bd_num` int DEFAULT NULL,
  PRIMARY KEY (`fi_num`),
  KEY `fi_bd_num_idx` (`fi_bd_num`),
  CONSTRAINT `fi_bd_num` FOREIGN KEY (`fi_bd_num`) REFERENCES `board` (`bd_num`) ON DELETE CASCADE ON UPDATE CASCADE
) ENGINE=InnoDB AUTO_INCREMENT=16 DEFAULT CHARSET=utf8mb4 COLLATE=utf8mb4_0900_ai_ci;
/*!40101 SET character_set_client = @saved_cs_client */;

--
-- Dumping data for table `file`
--

LOCK TABLES `file` WRITE;
/*!40000 ALTER TABLE `file` DISABLE KEYS */;
INSERT INTO `file` VALUES (1,'806335f8-f46c-441f-b1a8-1bea0b3632ff.jpg','/2022/03/14/0b514f8e-c610-4261-934b-3c7d82800b42_806335f8-f46c-441f-b1a8-1bea0b3632ff.jpg','Y','2022-03-14 15:43:50',8),(2,'cat2jpg.jpg','/2022/03/21/510f242f-88ab-495e-bb04-bd8c96b1b941_cat2jpg.jpg',NULL,NULL,NULL),(4,'762ce144-d666-4790-8609-c78416910e88.jpg','/2022/03/21/ac2f3c51-3456-4310-b687-002bedd57e18_762ce144-d666-4790-8609-c78416910e88.jpg',NULL,NULL,NULL),(5,'cat2jpg.jpg','/2022/03/21/01cbb84b-8fa5-4613-9716-62f59e3ae5f2_cat2jpg.jpg',NULL,NULL,NULL),(6,'806335f8-f46c-441f-b1a8-1bea0b3632ff.jpg','/2022/03/21/723ab058-e531-4f07-a8ae-8d74e8b59963_806335f8-f46c-441f-b1a8-1bea0b3632ff.jpg',NULL,NULL,NULL),(7,'762ce144-d666-4790-8609-c78416910e88.jpg','/2022/03/21/0127463a-54a2-42ca-b7a2-d8f193a1828f_762ce144-d666-4790-8609-c78416910e88.jpg',NULL,NULL,NULL),(8,'cat2jpg.jpg','/2022/03/21/32c124ba-7231-4395-b03e-8517daf2b557_cat2jpg.jpg',NULL,NULL,NULL),(11,'cat2jpg.jpg','/2022/03/23/bb0d7425-d9ed-4f25-9719-2172cce28f98_cat2jpg.jpg',NULL,NULL,NULL),(12,'806335f8-f46c-441f-b1a8-1bea0b3632ff.jpg','/2022/03/23/15fe5456-919a-428d-8e29-4d17979037c0_806335f8-f46c-441f-b1a8-1bea0b3632ff.jpg',NULL,NULL,NULL),(13,'762ce144-d666-4790-8609-c78416910e88.jpg','/2022/03/23/6465ae7d-80f1-40bb-b80d-44904550470a_762ce144-d666-4790-8609-c78416910e88.jpg',NULL,NULL,NULL),(14,'cat2jpg.jpg','/2022/03/23/b4a46367-1f79-478b-a8b0-7cd19f871fdb_cat2jpg.jpg',NULL,NULL,NULL),(15,'cat2jpg.jpg','/2022/03/24/900ecebe-6959-411f-9b93-56589071fa16_cat2jpg.jpg',NULL,NULL,NULL);
/*!40000 ALTER TABLE `file` ENABLE KEYS */;
UNLOCK TABLES;

--
-- Table structure for table `grade`
--

DROP TABLE IF EXISTS `grade`;
/*!40101 SET @saved_cs_client     = @@character_set_client */;
/*!50503 SET character_set_client = utf8mb4 */;
CREATE TABLE `grade` (
  `gr_num` int NOT NULL DEFAULT '1',
  PRIMARY KEY (`gr_num`)
) ENGINE=InnoDB DEFAULT CHARSET=utf8mb4 COLLATE=utf8mb4_0900_ai_ci;
/*!40101 SET character_set_client = @saved_cs_client */;

--
-- Dumping data for table `grade`
--

LOCK TABLES `grade` WRITE;
/*!40000 ALTER TABLE `grade` DISABLE KEYS */;
INSERT INTO `grade` VALUES (1),(2),(3),(4);
/*!40000 ALTER TABLE `grade` ENABLE KEYS */;
UNLOCK TABLES;

--
-- Table structure for table `holdcoupon`
--

DROP TABLE IF EXISTS `holdcoupon`;
/*!40101 SET @saved_cs_client     = @@character_set_client */;
/*!50503 SET character_set_client = utf8mb4 */;
CREATE TABLE `holdcoupon` (
  `hc_num` int NOT NULL AUTO_INCREMENT,
  `hc_state` varchar(5) NOT NULL,
  `hc_cp_num` int NOT NULL,
  `hc_me_id` varchar(20) NOT NULL,
  `hc_date` datetime DEFAULT CURRENT_TIMESTAMP,
  PRIMARY KEY (`hc_num`),
  KEY `hc_cp_num_idx` (`hc_cp_num`),
  KEY `hc_me_id_idx` (`hc_me_id`),
  CONSTRAINT `hc_cp_num` FOREIGN KEY (`hc_cp_num`) REFERENCES `coupon` (`cp_num`) ON DELETE CASCADE ON UPDATE CASCADE,
  CONSTRAINT `hc_me_id` FOREIGN KEY (`hc_me_id`) REFERENCES `member` (`me_id`) ON DELETE CASCADE ON UPDATE CASCADE
) ENGINE=InnoDB AUTO_INCREMENT=5 DEFAULT CHARSET=utf8mb4 COLLATE=utf8mb4_0900_ai_ci;
/*!40101 SET character_set_client = @saved_cs_client */;

--
-- Dumping data for table `holdcoupon`
--

LOCK TABLES `holdcoupon` WRITE;
/*!40000 ALTER TABLE `holdcoupon` DISABLE KEYS */;
INSERT INTO `holdcoupon` VALUES (1,'u',1,'as','2022-04-13 16:33:29'),(2,'u',2,'as','2022-04-13 16:33:29'),(3,'nu',3,'as','2022-04-13 16:33:29'),(4,'u',1,'as','2022-04-13 16:33:29');
/*!40000 ALTER TABLE `holdcoupon` ENABLE KEYS */;
UNLOCK TABLES;

--
-- Table structure for table `likes`
--

DROP TABLE IF EXISTS `likes`;
/*!40101 SET @saved_cs_client     = @@character_set_client */;
/*!50503 SET character_set_client = utf8mb4 */;
CREATE TABLE `likes` (
  `li_num` int NOT NULL AUTO_INCREMENT,
  `li_state` int NOT NULL,
  `li_bd_num` int NOT NULL,
  `li_me_id` varchar(20) NOT NULL,
  PRIMARY KEY (`li_num`),
  KEY `li_bd_num_idx` (`li_bd_num`),
  KEY `li_me_id_idx` (`li_me_id`),
  CONSTRAINT `li_bd_num` FOREIGN KEY (`li_bd_num`) REFERENCES `board` (`bd_num`) ON DELETE CASCADE ON UPDATE CASCADE,
  CONSTRAINT `li_me_id` FOREIGN KEY (`li_me_id`) REFERENCES `member` (`me_id`) ON DELETE CASCADE ON UPDATE CASCADE
) ENGINE=InnoDB AUTO_INCREMENT=6 DEFAULT CHARSET=utf8mb4 COLLATE=utf8mb4_0900_ai_ci;
/*!40101 SET character_set_client = @saved_cs_client */;

--
-- Dumping data for table `likes`
--

LOCK TABLES `likes` WRITE;
/*!40000 ALTER TABLE `likes` DISABLE KEYS */;
INSERT INTO `likes` VALUES (1,0,8,'as'),(2,1,7,'as'),(3,1,9,'as'),(4,-1,10,'as'),(5,1,11,'as');
/*!40000 ALTER TABLE `likes` ENABLE KEYS */;
UNLOCK TABLES;

--
-- Table structure for table `member`
--

DROP TABLE IF EXISTS `member`;
/*!40101 SET @saved_cs_client     = @@character_set_client */;
/*!50503 SET character_set_client = utf8mb4 */;
CREATE TABLE `member` (
  `me_id` varchar(20) NOT NULL,
  `me_pw` varchar(255) DEFAULT NULL,
  `me_name` varchar(30) DEFAULT NULL,
  `me_gender` varchar(6) DEFAULT NULL,
  `me_birth` date DEFAULT NULL,
  `me_totalbuy` int NOT NULL DEFAULT '0',
  `me_phone` varchar(13) DEFAULT NULL,
  `me_authority` varchar(10) NOT NULL DEFAULT '회원',
  `me_email` varchar(100) NOT NULL DEFAULT '',
  `me_address1` varchar(100) DEFAULT NULL,
  `me_address2` varchar(100) DEFAULT NULL,
  `me_address3` varchar(100) DEFAULT NULL,
  `me_gr_num` int NOT NULL DEFAULT '1',
  `me_rw` int NOT NULL DEFAULT '0',
  PRIMARY KEY (`me_id`),
  KEY `me_gr_num_idx` (`me_gr_num`),
  CONSTRAINT `me_gr_num` FOREIGN KEY (`me_gr_num`) REFERENCES `grade` (`gr_num`) ON DELETE CASCADE ON UPDATE CASCADE
) ENGINE=InnoDB DEFAULT CHARSET=utf8mb4 COLLATE=utf8mb4_0900_ai_ci;
/*!40101 SET character_set_client = @saved_cs_client */;

--
-- Dumping data for table `member`
--

LOCK TABLES `member` WRITE;
/*!40000 ALTER TABLE `member` DISABLE KEYS */;
INSERT INTO `member` VALUES ('as','$2a$10$FYuyEsZrG4tWN9SCxKdR4.2A80Y.zSeVEaIr1ztvvFGJSM5MK3hT2','홍길동','여성','2022-03-01',317038,'01023456897','슈퍼 관리자','asd@naver.com','58327','전남 나주시 그린로 20','12',1,0),('testid','$2a$10$ABQY9GQsTgCuhPMj6Sq7XOsXkpC/72IiGWNvUXSMR9DV8fraBcruO','길동홍','남성','2022-04-11',30500,'01012346789','회원','asd@naver.com','06035','서울 강남구 가로수길 5','상세주소 테스트',1,0);
/*!40000 ALTER TABLE `member` ENABLE KEYS */;
UNLOCK TABLES;

--
-- Table structure for table `option`
--

DROP TABLE IF EXISTS `option`;
/*!40101 SET @saved_cs_client     = @@character_set_client */;
/*!50503 SET character_set_client = utf8mb4 */;
CREATE TABLE `option` (
  `op_num` int NOT NULL AUTO_INCREMENT,
  `op_colnsize` varchar(20) NOT NULL,
  `op_amount` int NOT NULL,
  `op_pr_code` varchar(10) DEFAULT NULL,
  PRIMARY KEY (`op_num`),
  KEY `op_pr_code_idx` (`op_pr_code`),
  CONSTRAINT `op_pr_code` FOREIGN KEY (`op_pr_code`) REFERENCES `product` (`pr_code`) ON DELETE CASCADE ON UPDATE CASCADE
) ENGINE=InnoDB AUTO_INCREMENT=42 DEFAULT CHARSET=utf8mb4 COLLATE=utf8mb4_0900_ai_ci;
/*!40101 SET character_set_client = @saved_cs_client */;

--
-- Dumping data for table `option`
--

LOCK TABLES `option` WRITE;
/*!40000 ALTER TABLE `option` DISABLE KEYS */;
INSERT INTO `option` VALUES (15,'aaa',111,'test3'),(19,'bbb',222,'test3'),(26,'bb',22,'test2'),(29,'aa',11,'test2'),(30,'a',1,'test1'),(31,'b',2,'test1'),(32,'c',3,'test1'),(33,'cc',33,'test2'),(34,'ccc',333,'test3'),(35,'상품옵션테스트S',10,'test4'),(36,'상품옵션테스트M',10,'test4'),(37,'상품옵션테스트L',10,'test4'),(38,'상품옵션테스트S',10,'test5'),(39,'상품옵션테스트S',10,'test6'),(40,'상품옵션테스트S',10,'test7'),(41,'상품옵션테스트S',10,'test8');
/*!40000 ALTER TABLE `option` ENABLE KEYS */;
UNLOCK TABLES;

--
-- Table structure for table `order`
--

DROP TABLE IF EXISTS `order`;
/*!40101 SET @saved_cs_client     = @@character_set_client */;
/*!50503 SET character_set_client = utf8mb4 */;
CREATE TABLE `order` (
  `od_num` int NOT NULL AUTO_INCREMENT,
  `od_pay` int NOT NULL,
  `od_useRw` int NOT NULL DEFAULT '0',
  `od_date` datetime NOT NULL DEFAULT CURRENT_TIMESTAMP,
  `od_state` varchar(20) DEFAULT NULL,
  `od_delivery` int NOT NULL DEFAULT '0',
  `od_me_id` varchar(20) NOT NULL,
  `od_address1` varchar(100) NOT NULL,
  `od_address2` varchar(100) DEFAULT NULL,
  `od_address3` varchar(100) DEFAULT NULL,
  `od_delivery_msg` varchar(100) DEFAULT NULL,
  `od_hc_num` int DEFAULT NULL,
  `od_name` varchar(30) NOT NULL,
  `od_phone` varchar(13) NOT NULL,
  `od_email` varchar(100) DEFAULT NULL,
  `od_addRw` int DEFAULT NULL,
  PRIMARY KEY (`od_num`),
  KEY `od_me_id_idx` (`od_me_id`),
  KEY `od_hc_num_idx` (`od_hc_num`),
  CONSTRAINT `od_hc_num` FOREIGN KEY (`od_hc_num`) REFERENCES `holdcoupon` (`hc_num`),
  CONSTRAINT `od_me_id` FOREIGN KEY (`od_me_id`) REFERENCES `member` (`me_id`) ON DELETE CASCADE ON UPDATE CASCADE
) ENGINE=InnoDB AUTO_INCREMENT=33 DEFAULT CHARSET=utf8mb4 COLLATE=utf8mb4_0900_ai_ci;
/*!40101 SET character_set_client = @saved_cs_client */;

--
-- Dumping data for table `order`
--

LOCK TABLES `order` WRITE;
/*!40000 ALTER TABLE `order` DISABLE KEYS */;
INSERT INTO `order` VALUES (15,21879,1500,'2022-04-15 15:30:12','입금대기',3000,'as','12657','경기 여주시 가남읍 그랜드그린길 11','상세주소 테스트','배송메세지 테스트',3,'홍길동','01098765432','asd@naver.com',239),(16,21815,1500,'2022-04-15 15:33:31','입금대기',3000,'as','12657','서울 송파구 동남로 99','상세주소 테스트','배송메세지 테스트',3,'홍길동','01098765432','asd@naver.com',239),(17,24234,1500,'2022-04-15 15:40:19','입금대기',0,'as','12657','서울 송파구 동남로 99','상세주소 테스트','배송메세지 테스트',3,'홍길동','01098765432','asd@naver.com',302),(18,24205,1500,'2022-04-15 15:41:51','입금대기',3000,'as','05831','서울 송파구 동남로 99','상세주소 테스트','배송메세지 테스트',2,'홍길동','01098765432','asd@naver.com',239),(19,25234,500,'2022-04-15 15:49:07','입금대기',0,'as','12657','경기 여주시 가남읍 그랜드그린길 11','상세주소 테스트','배송메세지 테스트',3,'홍길동','01098765432','asd@naver.com',302),(20,26748,500,'2022-04-15 15:55:25','입금대기',0,'as','12657','경기 여주시 가남읍 그랜드그린길 11','상세주소 테스트','배송메세지 테스트',1,'홍길동','01098765432','asd@naver.com',605),(22,30275,0,'2022-04-15 16:45:48','입금대기',0,'as','12657','경기 여주시 가남읍 그랜드그린길 11','상세주소 테스트','배송메세지 테스트',NULL,'홍길동','01098765432','asd@naver.com',302),(23,23675,0,'2022-04-15 16:51:09','입금대기',3000,'as','12657','경기 여주시 가남읍 그랜드그린길 11','상세주소 테스트','배송메세지 테스트',NULL,'홍길동','01098765432','asd@naver.com',206),(24,27248,0,'2022-04-15 16:55:15','입금대기',0,'as','12657','경기 여주시 가남읍 그랜드그린길 11','상세주소 테스트','배송메세지 테스트',1,'홍길동','01098765432','asd@naver.com',302),(25,30275,0,'2022-04-15 17:44:29','입금대기',0,'as','12657','경기 여주시 가남읍 그랜드그린길 11','상세주소 테스트','배송메세지 테스트',NULL,'홍길동','01098765432','asd@naver.com',605),(26,30275,0,'2022-04-15 17:47:42','입금대기',0,'as','12657','서울 송파구 동남로 99','상세주소 테스트','배송메세지 테스트',NULL,'홍길동','01098765432','asd@naver.com',302),(27,30275,0,'2022-04-15 17:49:34','입금대기',0,'as','12657','경기 여주시 가남읍 그랜드그린길 11','상세주소 테스트','배송메세지 테스트',NULL,'홍길동','01098765432','asd@naver.com',302),(28,30275,0,'2022-04-18 04:58:44','입금대기',0,'as','','','','',NULL,'','','asd@naver.com',605),(29,30275,0,'2022-04-18 05:01:12','입금대기',0,'as','12657','경기 여주시 가남읍 그랜드그린길 11','상세주소 테스트','배송메세지 테스트',NULL,'홍길동','01098765432','asd@naver.com',605),(30,30275,0,'2022-04-18 05:02:50','입금대기',0,'as','12657','경기 여주시 가남읍 그랜드그린길 11','상세주소 테스트','배송메세지 테스트',NULL,'홍길동','01098765432','asd@naver.com',605),(31,15938,0,'2022-04-18 07:17:54','입금대기',3000,'as','12657','경기 여주시 가남읍 그랜드그린길 11','상세주소 테스트','배송메세지 테스트',4,'홍길동','01098765432','asd@naver.com',287),(32,30500,0,'2022-04-18 08:29:36','입금대기',0,'testid','12657','경기 여주시 가남읍 그랜드그린길 11','상세주소 테스트','배송메세지 테스트',NULL,'홍길동','01098765432','asd@naver.com',305);
/*!40000 ALTER TABLE `order` ENABLE KEYS */;
UNLOCK TABLES;

--
-- Table structure for table `orderlist`
--

DROP TABLE IF EXISTS `orderlist`;
/*!40101 SET @saved_cs_client     = @@character_set_client */;
/*!50503 SET character_set_client = utf8mb4 */;
CREATE TABLE `orderlist` (
  `ol_num` int NOT NULL AUTO_INCREMENT,
  `ol_od_num` int NOT NULL,
  `ol_op_num` int NOT NULL,
  `ol_amount` int NOT NULL,
  `ol_price` int NOT NULL,
  PRIMARY KEY (`ol_num`),
  KEY `ol_od_num_idx` (`ol_od_num`),
  KEY `ol_op_num_idx` (`ol_op_num`),
  CONSTRAINT `ol_od_num` FOREIGN KEY (`ol_od_num`) REFERENCES `order` (`od_num`) ON DELETE CASCADE ON UPDATE CASCADE,
  CONSTRAINT `ol_op_num` FOREIGN KEY (`ol_op_num`) REFERENCES `option` (`op_num`) ON DELETE CASCADE ON UPDATE CASCADE
) ENGINE=InnoDB AUTO_INCREMENT=90 DEFAULT CHARSET=utf8mb4 COLLATE=utf8mb4_0900_ai_ci;
/*!40101 SET character_set_client = @saved_cs_client */;

--
-- Dumping data for table `orderlist`
--

LOCK TABLES `orderlist` WRITE;
/*!40000 ALTER TABLE `orderlist` DISABLE KEYS */;
INSERT INTO `orderlist` VALUES (29,15,26,5,6375),(30,15,15,5,8000),(31,15,34,6,9600),(32,16,34,6,9600),(33,16,30,7,6300),(34,16,15,5,8000),(35,17,34,6,9600),(36,17,30,7,6300),(37,17,26,5,6375),(38,17,15,5,8000),(39,18,34,6,9600),(40,18,30,7,6300),(41,18,15,5,8000),(42,19,30,7,6300),(43,19,26,5,6375),(44,19,15,5,8000),(45,19,34,6,9600),(46,20,30,7,6300),(47,20,26,5,6375),(48,20,15,5,8000),(49,20,34,6,9600),(50,22,30,7,6300),(51,22,26,5,6375),(52,22,15,5,8000),(53,22,34,6,9600),(54,23,26,5,6375),(55,23,15,5,8000),(56,23,30,7,6300),(57,24,34,6,9600),(58,24,30,7,6300),(59,24,26,5,6375),(60,24,15,5,8000),(61,25,30,7,6300),(62,25,26,5,6375),(63,25,15,5,8000),(64,25,34,6,9600),(65,26,30,7,6300),(66,26,26,5,6375),(67,26,15,5,8000),(68,26,34,6,9600),(69,27,34,6,9600),(70,27,30,7,6300),(71,27,26,5,6375),(72,27,15,5,8000),(73,28,34,6,9600),(74,28,30,7,6300),(75,28,26,5,6375),(76,28,15,5,8000),(77,29,34,6,9600),(78,29,30,7,6300),(79,29,26,5,6375),(80,29,15,5,8000),(81,30,30,7,6300),(82,30,26,5,6375),(83,30,15,5,8000),(84,30,34,6,9600),(85,31,26,5,6375),(86,31,15,5,8000),(87,32,41,1,6750),(88,32,36,2,9500),(89,32,37,3,14250);
/*!40000 ALTER TABLE `orderlist` ENABLE KEYS */;
UNLOCK TABLES;

--
-- Table structure for table `product`
--

DROP TABLE IF EXISTS `product`;
/*!40101 SET @saved_cs_client     = @@character_set_client */;
/*!50503 SET character_set_client = utf8mb4 */;
CREATE TABLE `product` (
  `pr_code` varchar(10) NOT NULL,
  `pr_name` varchar(30) NOT NULL,
  `pr_price` int NOT NULL,
  `pr_gender` varchar(2) NOT NULL,
  `pr_img` varchar(255) DEFAULT NULL,
  `pr_discount` int DEFAULT '0',
  `pr_desc` longtext,
  `pr_cg_name` varchar(10) NOT NULL,
  `pr_reg_date` datetime DEFAULT NULL,
  PRIMARY KEY (`pr_code`),
  KEY `pr_cg_name_idx` (`pr_cg_name`),
  CONSTRAINT `pr_cg_name` FOREIGN KEY (`pr_cg_name`) REFERENCES `category` (`cg_name`) ON DELETE CASCADE ON UPDATE CASCADE
) ENGINE=InnoDB DEFAULT CHARSET=utf8mb4 COLLATE=utf8mb4_0900_ai_ci;
/*!40101 SET character_set_client = @saved_cs_client */;

--
-- Dumping data for table `product`
--

LOCK TABLES `product` WRITE;
/*!40000 ALTER TABLE `product` DISABLE KEYS */;
INSERT INTO `product` VALUES ('test1','test',1000,'A','/2022/03/29/0baf98cb-aed2-4398-8185-3680183db5d2_762ce144-d666-4790-8609-c78416910e88.jpg',10,'test','cosmetic','2022-03-29 12:46:31'),('test2','test',1500,'M','/2022/03/29/8adccd7f-6529-4192-bc78-8f889c32e149_806335f8-f46c-441f-b1a8-1bea0b3632ff.jpg',15,'test','mens','2022-03-29 12:47:12'),('test3','test',2000,'F','/2022/03/29/25bc2caf-8932-4857-8098-014c10be04f0_cat2jpg.jpg',20,'test','women','2022-03-29 12:47:44'),('test4','테스트 상품입니다',5000,'F','/2022/04/18/6adbb630-dea5-409c-a025-87d08e82f326_eggs-g165cc0e4d_1280.jpg',5,'상품 설명 테스트','women','2022-04-18 04:45:43'),('test5','테스트 상품입니다',6000,'F','/2022/04/18/65c62639-a574-44f3-aa87-63db1df21692_field-6574455__480.jpg',10,'상품 설명 테스트','women','2022-04-18 04:46:48'),('test6','테스트 상품입니다',7000,'F','/2022/04/18/52ad0c03-3898-4ccf-8243-d746c5e250d6_images.jpg',15,'상품 설명 테스트','women','2022-04-18 04:47:19'),('test7','테스트 상품입니다',8000,'F','/2022/04/18/5bbd2def-86d9-435a-ad19-65bf16d0bba9_photo-1536782376847-5c9d14d97cc0.jpg',20,'상품 설명 테스트','women','2022-04-18 04:47:56'),('test8','테스트 상품입니다',9000,'F','/2022/04/18/a97956c4-cd0b-4740-a1a2-17f910b7ec9a_photo-1612158560555-34306ad5e77c.jpg',25,'상품 설명 테스트','women','2022-04-18 04:48:25');
/*!40000 ALTER TABLE `product` ENABLE KEYS */;
UNLOCK TABLES;

--
-- Table structure for table `reward`
--

DROP TABLE IF EXISTS `reward`;
/*!40101 SET @saved_cs_client     = @@character_set_client */;
/*!50503 SET character_set_client = utf8mb4 */;
CREATE TABLE `reward` (
  `rw_num` int NOT NULL AUTO_INCREMENT,
  `rw_price` int NOT NULL,
  `rw_date` datetime NOT NULL DEFAULT CURRENT_TIMESTAMP,
  `rw_me_id` varchar(20) NOT NULL,
  `rw_desc` varchar(30) DEFAULT NULL,
  PRIMARY KEY (`rw_num`),
  KEY `rw_me_id_idx` (`rw_me_id`),
  CONSTRAINT `rw_me_id` FOREIGN KEY (`rw_me_id`) REFERENCES `member` (`me_id`) ON DELETE CASCADE ON UPDATE CASCADE
) ENGINE=InnoDB AUTO_INCREMENT=19 DEFAULT CHARSET=utf8mb4 COLLATE=utf8mb4_0900_ai_ci;
/*!40101 SET character_set_client = @saved_cs_client */;

--
-- Dumping data for table `reward`
--

LOCK TABLES `reward` WRITE;
/*!40000 ALTER TABLE `reward` DISABLE KEYS */;
INSERT INTO `reward` VALUES (1,1000,'2022-04-13 16:36:48','as','구매적립금'),(2,500,'2022-04-13 16:36:48','as','구매적립금'),(3,1500,'2022-04-13 16:36:48','as','구매적립금'),(4,1000,'2022-04-14 19:16:39','as','구매적립금'),(5,239,'2022-04-15 00:00:00','as','구매적립금'),(6,302,'2022-04-15 00:00:00','as','구매적립금'),(7,605,'2022-04-15 00:00:00','as','구매적립금'),(8,302,'2022-04-15 00:00:00','as','구매적립금'),(9,206,'2022-04-15 00:00:00','as','구매적립금'),(10,302,'2022-04-15 00:00:00','as','구매적립금'),(11,605,'2022-04-15 00:00:00','as','구매적립금'),(12,302,'2022-04-15 00:00:00','as','구매적립금'),(13,302,'2022-04-15 00:00:00','as','구매적립금'),(14,605,'2022-04-18 00:00:00','as','구매적립금'),(15,605,'2022-04-18 00:00:00','as','구매적립금'),(16,605,'2022-04-18 00:00:00','as','구매적립금'),(17,287,'2022-04-18 00:00:00','as','구매적립금'),(18,305,'2022-04-18 00:00:00','testid','구매적립금');
/*!40000 ALTER TABLE `reward` ENABLE KEYS */;
UNLOCK TABLES;
/*!40103 SET TIME_ZONE=@OLD_TIME_ZONE */;

/*!40101 SET SQL_MODE=@OLD_SQL_MODE */;
/*!40014 SET FOREIGN_KEY_CHECKS=@OLD_FOREIGN_KEY_CHECKS */;
/*!40014 SET UNIQUE_CHECKS=@OLD_UNIQUE_CHECKS */;
/*!40101 SET CHARACTER_SET_CLIENT=@OLD_CHARACTER_SET_CLIENT */;
/*!40101 SET CHARACTER_SET_RESULTS=@OLD_CHARACTER_SET_RESULTS */;
/*!40101 SET COLLATION_CONNECTION=@OLD_COLLATION_CONNECTION */;
/*!40111 SET SQL_NOTES=@OLD_SQL_NOTES */;

-- Dump completed on 2022-04-18  8:37:35
